created_date	subreddit_id	id
2011-04-11T20:52:23	t5_2qh55	gnl8d
2011-11-01T00:15:00	t5_2qh55	lvrke
2011-03-07T00:40:46	t5_2qh55	fynf3
2010-11-06T21:37:19	t5_2qh55	e28yb
2011-08-24T01:21:06	t5_2qh55	js9ch
2011-03-11T16:34:16	t5_2qh55	g1z5w
2010-06-20T19:50:21	t5_2qh55	ch28c
2010-01-19T22:55:17	t5_2qh55	armp7
2010-12-24T04:56:07	t5_2qh55	eqrha
2011-12-04T06:55:58	t5_2qh55	mzi45
2011-01-30T08:00:46	t5_2qh55	fbpfv
2010-11-07T00:06:56	t5_2qh55	e2agd
2010-07-18T23:11:06	t5_2qh55	cqzjh
2011-12-22T03:04:14	t5_2qh55	nm1ns
2011-08-31T08:18:38	t5_2qh55	jzxq4
2010-01-22T01:16:50	t5_2qh55	asm7l
2011-09-18T09:00:41	t5_2qh55	kjcpe
2011-02-11T23:27:53	t5_2qh55	fjqne
2011-05-17T15:29:56	t5_2qh55	hdcj0
2010-05-02T08:09:59	t5_2qh55	byyos
2011-03-08T22:39:59	t5_2qh55	g00n8
2011-09-23T22:12:09	t5_2qh55	kpejt
2010-07-14T01:59:10	t5_2qh55	cp974
2011-11-15T20:13:40	t5_2qh55	mddx0
2011-01-02T08:23:46	t5_2qh55	euus3
2010-07-28T14:49:32	t5_2qh55	cumc0
2011-01-15T10:34:35	t5_2qh55	f2qt6
2011-08-18T04:07:47	t5_2qh55	jma1g
2011-05-31T03:43:54	t5_2qh55	hnvv1
2011-07-13T06:55:17	t5_2qh55	io5e8
2011-09-21T15:41:13	t5_2qh55	kmpln
2011-09-24T04:54:35	t5_2qh55	kppxt
2011-04-30T18:32:43	t5_2qh55	h0vvg
2011-01-21T00:53:18	t5_2qh55	f64tl
2011-04-27T01:14:42	t5_2qh55	gy5vl
2011-11-15T17:22:44	t5_2qh55	md718
2011-05-01T02:55:38	t5_2qh55	h14lr
2011-03-23T01:38:13	t5_2qh55	g9bze
2010-03-14T22:42:08	t5_2qh55	bdce2
2011-06-18T16:31:23	t5_2qh55	i2xv0
2011-07-05T22:08:56	t5_2qh55	ihgnq
2010-11-26T23:24:03	t5_2qh55	ec8aw
2010-06-03T04:18:30	t5_2qh55	cauyp
2011-12-16T06:03:07	t5_2qh55	net1t
2011-02-21T03:38:37	t5_2qh55	fpahe
2011-03-21T10:15:13	t5_2qh55	g82y0
2011-01-10T00:34:36	t5_2qh55	ez6ws
2011-08-06T23:05:44	t5_2qh55	jb1sg
2011-11-15T17:33:37	t5_2qh55	md7f7
2010-11-22T04:03:13	t5_2qh55	e9qcx
2011-12-24T07:10:45	t5_2qh55	novm1
2011-05-19T06:55:27	t5_2qh55	hesxn
2011-01-12T01:51:23	t5_2qh55	f0koa
2011-06-23T03:50:32	t5_2qh55	i6r5t
2010-06-19T01:55:51	t5_2qh55	cgl93
2011-01-19T01:35:36	t5_2qh55	f4rty
2010-09-27T23:28:40	t5_2qh55	djogy
2010-09-22T05:19:50	t5_2qh55	dh5vq
2011-04-16T20:33:49	t5_2qh55	grl1m
2011-01-13T17:08:15	t5_2qh55	f1m5a
2011-09-19T14:51:17	t5_2qh55	kkff4
2011-01-24T23:21:10	t5_2qh55	f8c6v
2011-01-31T23:38:44	t5_2qh55	fco99
2011-12-12T18:01:45	t5_2qh55	n9srl
2010-10-30T17:56:48	t5_2qh55	dyq4b
2010-10-25T20:55:37	t5_2qh55	dw7el
2011-05-12T09:12:54	t5_2qh55	h9ljq
2010-02-08T04:10:51	t5_2qh55	azaiq
2011-06-28T16:20:26	t5_2qh55	ibb6j
2011-09-14T02:05:10	t5_2qh55	kes9y
2011-02-22T07:29:00	t5_2qh55	fq40b
2011-05-02T02:54:26	t5_2qh55	h1pri
2011-11-10T03:35:43	t5_2qh55	m6wqx
2011-02-04T10:42:50	t5_2qh55	ff3yn
2010-06-15T08:09:33	t5_2qh55	cf3t4
2010-02-25T12:20:07	t5_2qh55	b6bzv
2010-07-15T20:53:14	t5_2qh55	cpzu1
2010-01-02T21:29:18	t5_2qh55	akvfl
2011-06-15T14:58:16	t5_2qh55	i09j0
2011-06-26T18:53:03	t5_2qh55	i9mj0
2011-07-06T21:18:36	t5_2qh55	iict9
2011-01-16T23:37:52	t5_2qh55	f3giz
2010-08-07T18:47:43	t5_2qh55	cyib9
2010-03-21T08:45:22	t5_2qh55	bg4kf
2010-12-20T18:15:44	t5_2qh55	eougl
2011-01-07T22:32:07	t5_2qh55	ey4pv
2010-06-02T20:31:12	t5_2qh55	capzp
2010-11-21T02:43:42	t5_2qh55	e9bnm
2011-04-16T18:18:02	t5_2qh55	griin
2010-01-10T23:09:15	t5_2qh55	anxsb
2011-11-25T23:07:13	t5_2qh55	mp9fm
2011-09-01T22:11:27	t5_2qh55	k1nzc
2011-03-07T07:31:13	t5_2qh55	fyupj
2011-01-30T05:09:19	t5_2qh55	fbnfj
2011-11-03T16:39:28	t5_2qh55	lz2n3
2010-08-26T01:43:34	t5_2qh55	d5hht
2011-02-13T09:05:40	t5_2qh55	fkguc
2011-10-13T00:55:33	t5_2qh55	la4g6
2011-07-11T22:21:17	t5_2qh55	impv3
2011-11-24T00:15:19	t5_2qh55	mn9sm
2010-01-26T20:46:42	t5_2qh55	augiv
2011-11-12T19:10:18	t5_2qh55	m9xht
2010-08-16T16:26:05	t5_2qh55	d1q5d
2011-01-30T11:43:26	t5_2qh55	fbrep
2010-09-23T01:20:29	t5_2qh55	dhkuz
2010-11-25T05:19:25	t5_2qh55	ebgye
2010-08-07T18:55:59	t5_2qh55	cyidt
2010-07-03T02:44:48	t5_2qh55	clht5
2011-03-25T10:58:31	t5_2qh55	gb66q
2010-01-12T19:26:03	t5_2qh55	aor9j
2010-02-19T22:40:36	t5_2qh55	b45nr
2011-10-22T16:41:04	t5_2qh55	ll0rp
2010-08-31T00:07:14	t5_2qh55	d7fgp
2011-11-30T07:04:11	t5_2qh55	mufc1
2011-09-29T04:43:04	t5_2qh55	kutsk
2011-06-11T07:38:18	t5_2qh55	hwz07
2011-01-08T21:21:16	t5_2qh55	eylxx
2011-04-05T03:01:07	t5_2qh55	gird1
2011-02-25T21:35:09	t5_2qh55	fss05
2011-07-21T04:00:30	t5_2qh55	ivew3
2011-02-17T07:52:07	t5_2qh55	fn1ng
2011-11-30T03:21:23	t5_2qh55	mu601
2010-08-03T17:34:24	t5_2qh55	cwvg0
2011-07-11T00:16:34	t5_2qh55	ilvv6
2011-11-16T05:42:50	t5_2qh55	me0qr
2011-01-16T07:25:42	t5_2qh55	f35wk
2011-01-26T16:55:47	t5_2qh55	f9en5
2011-07-10T07:26:53	t5_2qh55	ilezi
2011-05-03T03:05:43	t5_2qh55	h2qkw
2011-03-13T13:06:34	t5_2qh55	g32li
2011-06-09T18:36:48	t5_2qh55	hvmif
2010-12-13T12:53:33	t5_2qh55	ekz0o
2010-02-18T18:56:50	t5_2qh55	b3oyj
2011-07-28T01:35:59	t5_2qh55	j1n4w
2011-02-18T21:42:26	t5_2qh55	fo448
2010-12-12T02:36:18	t5_2qh55	ekb86
2010-11-17T20:40:51	t5_2qh55	e7oe5
2011-03-03T00:04:05	t5_2qh55	fw4h9
2011-08-18T03:20:12	t5_2qh55	jm8mb
2011-07-01T02:42:55	t5_2qh55	idrnv
2011-09-27T14:09:25	t5_2qh55	ksv1r
2010-04-26T17:50:01	t5_2qh55	bwa6q
2011-10-11T22:57:32	t5_2qh55	l8q3e
2011-11-21T09:43:36	t5_2qh55	mjzh5
2010-06-19T04:27:34	t5_2qh55	cgmd2
2010-11-22T18:42:29	t5_2qh55	ea1dn
2011-11-15T17:02:17	t5_2qh55	md6a6
2011-11-28T20:47:15	t5_2qh55	msc6p
2010-10-13T23:54:15	t5_2qh55	dqvd1
2010-06-27T20:06:43	t5_2qh55	cjkrp
2011-05-21T07:30:21	t5_2qh55	hghhz
2010-09-07T05:09:18	t5_2qh55	dafsf
2011-05-24T03:10:14	t5_2qh55	hii4g
2011-08-26T22:16:24	t5_2qh55	jvgpk
2011-01-04T06:59:07	t5_2qh55	evuk7
2011-05-09T03:41:20	t5_2qh55	h6zqp
2010-04-28T17:58:49	t5_2qh55	bxb3p
2011-02-23T08:11:18	t5_2qh55	fqvx3
2010-11-12T09:35:34	t5_2qh55	e51h3
2011-01-10T13:24:47	t5_2qh55	ezhi4
2010-09-07T21:18:18	t5_2qh55	daqsw
2010-10-01T08:13:39	t5_2qh55	dldia
2011-08-12T20:17:29	t5_2qh55	jgzm0
2011-07-30T00:29:14	t5_2qh55	j3njl
2011-01-12T04:19:38	t5_2qh55	f0ne6
2011-07-28T17:48:43	t5_2qh55	j29is
2011-08-22T03:21:50	t5_2qh55	jq4fy
2011-06-14T19:01:08	t5_2qh55	hzjg2
2011-12-03T03:54:56	t5_2qh55	mybg3
2010-02-23T23:41:56	t5_2qh55	b5nok
2010-10-20T05:20:48	t5_2qh55	dtnlu
2010-09-20T16:48:48	t5_2qh55	dgdij
2011-02-06T05:17:58	t5_2qh55	fg4gm
2011-10-22T03:13:24	t5_2qh55	lkkow
2010-11-23T18:44:57	t5_2qh55	eamjq
2011-07-24T02:50:00	t5_2qh55	iy1fu
2011-12-08T05:51:58	t5_2qh55	n4f8q
2010-02-08T17:33:29	t5_2qh55	aziw6
2010-10-27T07:29:48	t5_2qh55	dx0jl
2010-11-03T21:06:08	t5_2qh55	e0suu
2011-05-11T06:50:41	t5_2qh55	h8p9f
2011-02-08T22:11:42	t5_2qh55	fhqmj
2010-12-03T01:35:31	t5_2qh55	efbnp
2011-10-17T11:58:43	t5_2qh55	lezab
2011-12-29T20:27:56	t5_2qh55	nv8ly
2011-09-28T12:17:11	t5_2qh55	ktyer
2011-03-25T18:28:16	t5_2qh55	gbefx
2011-02-16T03:53:05	t5_2qh55	fm9m6
2011-09-14T05:29:44	t5_2qh55	kez2o
2010-11-08T18:01:44	t5_2qh55	e2zi5
2010-12-16T16:22:36	t5_2qh55	emub2
2011-07-20T07:27:37	t5_2qh55	iuk4w
2010-08-16T22:02:02	t5_2qh55	d1ufq
2011-02-17T05:03:07	t5_2qh55	fmygs
2011-12-17T19:54:55	t5_2qh55	ngjin
2010-12-08T01:03:51	t5_2qh55	ehymr
2010-11-20T17:43:01	t5_2qh55	e95az
2011-08-04T00:12:58	t5_2qh55	j86jg
2011-12-11T16:27:21	t5_2qh55	n8i31
2010-07-08T01:30:41	t5_2qh55	cn2p8
2010-12-04T01:48:21	t5_2qh55	efwor
2011-12-23T20:28:11	t5_2qh55	no87y
2011-07-14T19:26:48	t5_2qh55	iplj5
2011-03-08T06:25:19	t5_2qh55	fzk7g
2011-08-10T05:58:27	t5_2qh55	je8cb
2011-03-13T13:19:47	t5_2qh55	g32pl
2011-10-14T11:17:18	t5_2qh55	lbvwk
2010-03-29T18:02:29	t5_2qh55	bjr7p
2011-02-27T20:05:47	t5_2qh55	fttbd
2011-05-11T10:12:43	t5_2qh55	h8sha
2010-06-18T00:38:05	t5_2qh55	cg6sr
2010-08-09T17:19:28	t5_2qh55	cz3sx
2011-12-06T19:58:33	t5_2qh55	n2ste
2011-10-01T02:41:08	t5_2qh55	kx20z
2011-04-03T19:23:17	t5_2qh55	ghq1l
2011-11-18T03:58:01	t5_2qh55	mggxf
2011-08-19T20:58:29	t5_2qh55	jo50l
2011-06-05T19:54:11	t5_2qh55	hs81e
2011-11-30T22:37:08	t5_2qh55	mv7xb
2011-02-01T03:17:12	t5_2qh55	fcskc
2011-12-28T01:53:26	t5_2qh55	nsydg
2011-03-02T01:04:44	t5_2qh55	fveus
2010-02-05T18:30:20	t5_2qh55	ayj10
2010-08-11T22:30:43	t5_2qh55	d02wo
2010-01-04T19:09:11	t5_2qh55	algnx
2011-10-27T21:36:00	t5_2qh55	lrb52
2011-11-21T18:45:33	t5_2qh55	mkcp7
2010-09-12T07:27:18	t5_2qh55	dcq2q
2011-12-31T21:00:33	t5_2qh55	nxsxh
2010-05-11T07:06:30	t5_2qh55	c2fiu
2010-11-17T21:21:30	t5_2qh55	e7p48
2011-02-22T19:48:16	t5_2qh55	fqg96
2011-11-05T03:51:09	t5_2qh55	m11ry
2011-02-23T23:11:18	t5_2qh55	frci2
2010-07-11T00:47:07	t5_2qh55	co661
2011-02-10T18:51:27	t5_2qh55	fivr8
2011-06-12T21:53:22	t5_2qh55	hxy4u
2011-01-06T03:45:29	t5_2qh55	ewzpt
2010-10-05T01:18:55	t5_2qh55	dmu29
2010-05-22T11:59:47	t5_2qh55	c6yzf
2010-10-07T23:32:47	t5_2qh55	do9cc
2011-07-30T00:57:01	t5_2qh55	j3oa0
2011-04-02T13:37:22	t5_2qh55	gh1q1
2010-10-29T00:07:04	t5_2qh55	dxxu3
2010-08-05T06:17:23	t5_2qh55	cxki7
2011-06-23T12:21:20	t5_2qh55	i71so
2011-12-05T17:54:36	t5_2qh55	n196l
2011-02-04T22:02:18	t5_2qh55	fffdp
2010-06-10T15:03:27	t5_2qh55	cdivs
2010-12-09T18:45:13	t5_2qh55	ej1ak
2011-02-02T11:17:21	t5_2qh55	fdpza
2010-06-11T16:14:13	t5_2qh55	cdy9h
2011-07-29T03:22:04	t5_2qh55	j2rks
2011-01-12T00:27:36	t5_2qh55	f0j5c
2011-07-29T06:40:13	t5_2qh55	j2wvu
2010-08-24T09:53:41	t5_2qh55	d4r7w
2011-09-05T04:54:34	t5_2qh55	k4xym
2011-11-02T01:31:26	t5_2qh55	lx3dk
2011-06-23T00:56:43	t5_2qh55	i6mtp
2011-01-06T20:37:00	t5_2qh55	exf3m
2011-07-16T04:59:54	t5_2qh55	iqzul
2010-06-10T17:00:09	t5_2qh55	cdkao
2010-11-02T20:01:42	t5_2qh55	e06wy
2010-08-13T14:45:32	t5_2qh55	d0r7p
2010-10-12T07:29:38	t5_2qh55	dq1zb
2011-07-13T22:48:59	t5_2qh55	ios8m
2010-12-08T23:57:29	t5_2qh55	eikfo
2010-08-26T21:43:44	t5_2qh55	d5ugx
2011-04-29T07:08:21	t5_2qh55	gzx7y
2010-09-20T18:32:09	t5_2qh55	dgf36
2011-12-29T11:16:22	t5_2qh55	nusnp
2011-01-06T05:02:57	t5_2qh55	ex11r
2011-07-31T20:53:26	t5_2qh55	j4zl0
2010-07-11T14:05:27	t5_2qh55	coal9
2011-01-11T16:09:52	t5_2qh55	f08q8
2011-03-02T07:58:04	t5_2qh55	fvmwm
2011-10-17T16:28:04	t5_2qh55	lf508
2010-12-24T23:18:01	t5_2qh55	er2u7
2011-05-23T23:16:28	t5_2qh55	hicmf
2010-12-29T00:15:11	t5_2qh55	ess5u
2011-12-09T11:39:50	t5_2qh55	n649q
2011-01-12T08:21:37	t5_2qh55	f0ri6
2010-12-04T18:50:13	t5_2qh55	eg6lv
2011-06-10T15:55:50	t5_2qh55	hwdfi
2011-03-02T01:51:39	t5_2qh55	fvfsy
2010-07-23T22:26:55	t5_2qh55	ct0ln
2011-10-18T08:49:36	t5_2qh55	lg240
2011-12-06T05:26:45	t5_2qh55	n23bg
2010-08-03T19:26:28	t5_2qh55	cwx04
2011-02-20T01:38:58	t5_2qh55	for1r
2010-06-15T03:22:24	t5_2qh55	cf1dr
2011-04-25T21:31:53	t5_2qh55	gx6wk
2011-05-04T15:08:27	t5_2qh55	h3yl1
2011-08-10T06:03:26	t5_2qh55	je8hm
2011-09-15T22:22:28	t5_2qh55	kgvnl
2011-09-26T14:16:12	t5_2qh55	krr3q
2011-12-15T03:00:54	t5_2qh55	nd70c
2011-10-14T20:05:02	t5_2qh55	lcaz9
2010-11-01T03:52:49	t5_2qh55	dzbac
2011-01-23T04:42:13	t5_2qh55	f7cwn
2010-06-17T17:29:37	t5_2qh55	cg1lt
2011-01-24T21:55:20	t5_2qh55	f8ags
2011-11-12T01:26:14	t5_2qh55	m9awx
2011-01-17T21:10:03	t5_2qh55	f3zbn
2011-01-31T21:43:57	t5_2qh55	fclst
2011-08-14T02:46:04	t5_2qh55	ji3be
2010-09-12T04:04:47	t5_2qh55	dcoen
2011-09-30T03:00:41	t5_2qh55	kvxio
2010-11-19T18:42:24	t5_2qh55	e8qup
2010-12-28T05:23:26	t5_2qh55	esdon
2011-01-15T04:17:39	t5_2qh55	f2mdn
2010-03-17T10:33:29	t5_2qh55	befzm
2011-05-27T03:33:33	t5_2qh55	hl56g
2010-08-14T05:13:26	t5_2qh55	d10ia
2011-08-02T22:56:48	t5_2qh55	j722o
2011-01-13T00:58:25	t5_2qh55	f17qn
2010-12-08T06:34:53	t5_2qh55	ei40h
2010-06-21T01:26:57	t5_2qh55	ch4vu
2011-07-31T07:00:19	t5_2qh55	j4mrz
2011-03-12T12:15:34	t5_2qh55	g2jkp
2011-07-20T18:17:52	t5_2qh55	iuxlc
2010-02-14T07:51:02	t5_2qh55	b1uzb
2010-12-11T21:17:08	t5_2qh55	ek73v
2011-11-16T04:07:30	t5_2qh55	mdwzj
2011-09-07T22:53:34	t5_2qh55	k805b
2011-02-11T22:42:51	t5_2qh55	fjps3
2010-12-31T07:29:06	t5_2qh55	eu1wq
2010-11-16T22:03:26	t5_2qh55	e75sq
2011-02-09T19:47:41	t5_2qh55	fi6gp
2011-07-20T02:14:30	t5_2qh55	iubuh
2011-05-07T18:25:04	t5_2qh55	h6553
2011-02-27T19:50:17	t5_2qh55	ftt15
2010-09-02T00:53:30	t5_2qh55	d8fbo
2010-10-25T04:35:51	t5_2qh55	dvvhz
2011-04-01T23:30:04	t5_2qh55	ggpi6
2011-03-10T01:42:46	t5_2qh55	g0tq3
2011-12-11T08:10:45	t5_2qh55	n8a2g
2010-07-29T03:11:53	t5_2qh55	cuvlc
2011-04-26T12:41:51	t5_2qh55	gxog8
2010-10-15T09:43:55	t5_2qh55	drjci
2011-01-26T20:18:45	t5_2qh55	f9j0b
2011-01-20T04:09:53	t5_2qh55	f5jpj
2011-03-17T01:10:08	t5_2qh55	g5ihc
2011-04-18T16:59:17	t5_2qh55	gsshh
2011-10-02T22:29:10	t5_2qh55	kymji
2011-05-09T23:18:40	t5_2qh55	h7m7j
2010-08-30T18:25:01	t5_2qh55	d7a7p
2011-10-20T14:21:29	t5_2qh55	limc1
2010-06-15T11:56:25	t5_2qh55	cf5gf
2011-04-24T05:45:54	t5_2qh55	gw43r
2010-10-06T05:12:35	t5_2qh55	dne6r
2011-10-13T12:03:23	t5_2qh55	lao8d
2010-06-07T21:41:44	t5_2qh55	ccg2p
2011-11-21T06:20:29	t5_2qh55	mjtv1
2010-12-07T19:32:42	t5_2qh55	ehsg8
2011-11-13T21:21:48	t5_2qh55	mazqn
2010-10-27T02:15:40	t5_2qh55	dwwfn
2011-01-14T08:15:01	t5_2qh55	f23e5
2011-05-17T18:02:46	t5_2qh55	hdg21
2011-04-27T23:10:14	t5_2qh55	gyq5p
2010-09-05T00:41:44	t5_2qh55	d9o6o
2010-07-22T22:12:26	t5_2qh55	cslmw
2011-01-12T13:46:53	t5_2qh55	f0v17
2011-07-18T23:23:09	t5_2qh55	it6m8
2010-11-24T02:08:17	t5_2qh55	eauaa
2011-05-28T01:03:01	t5_2qh55	hlvm0
2011-06-06T02:16:53	t5_2qh55	hsg5w
2010-11-10T10:05:33	t5_2qh55	e3y20
2010-06-21T05:07:48	t5_2qh55	ch6le
2011-01-13T04:01:23	t5_2qh55	f1b0d
2010-12-28T19:44:09	t5_2qh55	esnps
2011-06-30T17:25:48	t5_2qh55	idbfn
2011-01-23T03:50:44	t5_2qh55	f7c73
2010-02-19T03:24:15	t5_2qh55	b3uop
2011-11-16T05:45:03	t5_2qh55	me0tw
2011-06-01T08:39:37	t5_2qh55	hovrf
2011-04-26T19:17:31	t5_2qh55	gxwlg
2011-06-15T02:47:50	t5_2qh55	hzvza
2011-05-09T10:03:27	t5_2qh55	h76sr
2011-11-10T02:49:33	t5_2qh55	m6uve
2011-12-01T19:04:56	t5_2qh55	mwd14
2011-04-27T21:31:25	t5_2qh55	gyn1x
2011-09-21T23:07:05	t5_2qh55	kn5h8
2010-11-05T15:24:28	t5_2qh55	e1osk
2011-04-18T03:21:32	t5_2qh55	gsejc
2010-10-15T08:58:18	t5_2qh55	driwy
2011-10-11T19:25:10	t5_2qh55	l8hex
2011-09-08T07:47:37	t5_2qh55	k8isr
2010-04-28T19:24:16	t5_2qh55	bxcji
2011-10-24T19:40:40	t5_2qh55	lnbm7
2011-08-06T23:37:05	t5_2qh55	jb2j0
2011-04-12T17:15:31	t5_2qh55	go9gp
2010-12-05T17:43:18	t5_2qh55	egl4m
2011-04-28T03:19:21	t5_2qh55	gywsr
2011-07-19T19:37:29	t5_2qh55	iu02f
2010-04-03T18:39:46	t5_2qh55	bm1ix
2011-12-02T17:06:55	t5_2qh55	mxmcv
2010-10-10T04:01:49	t5_2qh55	dp69m
2010-03-31T17:34:12	t5_2qh55	bkpwo
2010-07-06T20:17:15	t5_2qh55	cmkia
2011-08-30T18:16:45	t5_2qh55	jz651
2011-07-12T18:05:03	t5_2qh55	inidl
2011-04-14T19:20:17	t5_2qh55	gq1vg
2010-09-14T04:49:44	t5_2qh55	ddho7
2011-03-18T00:56:29	t5_2qh55	g62n7
2011-01-12T23:07:11	t5_2qh55	f15n6
2010-12-01T01:41:11	t5_2qh55	ee7cm
2011-01-22T17:41:10	t5_2qh55	f73fw
2010-12-12T14:57:46	t5_2qh55	ekhqy
2011-03-06T05:27:08	t5_2qh55	fy8vl
2011-02-20T06:59:18	t5_2qh55	fovdf
2011-02-26T05:45:49	t5_2qh55	ft0o9
2011-10-04T01:34:03	t5_2qh55	kzwep
2010-05-06T15:59:27	t5_2qh55	c0lbz
2011-12-31T02:06:28	t5_2qh55	nwxzi
2011-06-28T02:25:13	t5_2qh55	iatpd
2010-08-11T03:31:37	t5_2qh55	czqoa
2011-02-01T02:00:48	t5_2qh55	fcr53
2011-02-05T20:40:55	t5_2qh55	ffx7g
2010-01-07T16:40:42	t5_2qh55	amq7u
2010-03-31T21:27:53	t5_2qh55	bktkv
2011-02-10T18:29:29	t5_2qh55	fiv84
2010-11-11T15:31:16	t5_2qh55	e4lbx
2011-05-17T07:17:57	t5_2qh55	hd5f1
2010-12-12T07:58:56	t5_2qh55	ekexx
2010-02-06T01:26:11	t5_2qh55	aynls
2011-07-11T02:15:50	t5_2qh55	ilyoi
2011-01-02T03:21:32	t5_2qh55	eur9k
2010-01-13T09:56:05	t5_2qh55	ap0s8
2011-06-13T08:12:05	t5_2qh55	hyb65
2010-06-01T18:09:42	t5_2qh55	caa4r
2011-12-04T14:13:40	t5_2qh55	mzpr8
2011-12-27T19:33:28	t5_2qh55	nsia6
2010-12-07T07:31:57	t5_2qh55	ehi92
2011-10-16T19:55:35	t5_2qh55	le8qk
2010-05-20T09:47:30	t5_2qh55	c682l
2011-08-26T15:03:45	t5_2qh55	jv2iy
2011-01-25T06:45:07	t5_2qh55	f8kad
2011-07-23T01:19:33	t5_2qh55	ix8sa
2011-01-10T06:06:49	t5_2qh55	ezc7y
2011-07-11T21:22:59	t5_2qh55	imo08
2010-10-28T18:30:49	t5_2qh55	dxs2a
2011-02-09T01:18:56	t5_2qh55	fhtpg
2011-02-20T01:16:34	t5_2qh55	foqor
2011-06-05T19:56:46	t5_2qh55	hs83j
2011-03-19T22:41:13	t5_2qh55	g795p
2011-04-15T22:05:33	t5_2qh55	gqzwh
2011-04-04T05:10:33	t5_2qh55	gi1dz
2010-05-18T21:20:23	t5_2qh55	c5nd9
2011-12-17T01:59:03	t5_2qh55	nfu33
2011-07-24T04:59:06	t5_2qh55	iy447
2011-04-18T22:06:29	t5_2qh55	gt0fb
2011-02-20T07:11:23	t5_2qh55	fovih
2011-03-28T01:54:03	t5_2qh55	gcr7o
2011-10-21T09:53:18	t5_2qh55	ljpno
2011-11-19T00:11:56	t5_2qh55	mhha9
2010-06-02T23:08:26	t5_2qh55	carva
2011-10-31T03:03:56	t5_2qh55	luoho
2011-01-10T04:09:03	t5_2qh55	eza9x
2010-11-19T00:06:07	t5_2qh55	e8cto
2011-01-20T02:36:24	t5_2qh55	f5hyu
2011-12-13T08:03:53	t5_2qh55	naqg9
2011-03-22T00:33:51	t5_2qh55	g8j09
2011-01-27T03:48:22	t5_2qh55	f9rkj
2011-10-07T19:12:40	t5_2qh55	l4asq
2011-07-25T17:43:13	t5_2qh55	iz92z
2011-07-04T20:53:28	t5_2qh55	igkle
2010-08-27T14:44:21	t5_2qh55	d64eq
2011-10-01T21:48:03	t5_2qh55	kxpve
2010-01-02T19:28:15	t5_2qh55	akug4
2011-12-25T16:47:08	t5_2qh55	nq7jc
2010-08-23T12:02:28	t5_2qh55	d4cx7
2011-04-02T08:11:57	t5_2qh55	ggyi8
2010-09-22T18:09:48	t5_2qh55	dhebg
2011-05-24T16:48:35	t5_2qh55	hixcv
2011-01-25T03:12:48	t5_2qh55	f8ggy
2010-09-02T04:00:04	t5_2qh55	d8hkj
2011-03-05T04:17:45	t5_2qh55	fxp7b
2011-01-19T10:23:28	t5_2qh55	f50j4
2011-10-08T15:00:16	t5_2qh55	l52kt
2011-01-23T05:45:36	t5_2qh55	f7dmu
2010-01-06T23:05:35	t5_2qh55	amfmu
2011-06-10T00:43:49	t5_2qh55	hvwnr
2010-05-13T17:24:04	t5_2qh55	c3mu3
2010-04-18T22:39:01	t5_2qh55	bsr5j
2011-03-09T22:08:30	t5_2qh55	g0p5l
2010-06-13T09:46:12	t5_2qh55	cegsj
2011-07-27T16:44:59	t5_2qh55	j16uc
2011-11-18T05:03:54	t5_2qh55	mgj9r
2011-09-26T17:11:32	t5_2qh55	krvln
2010-02-18T08:44:57	t5_2qh55	b3hj6
2010-02-21T17:17:00	t5_2qh55	b4ogc
2011-05-20T18:23:42	t5_2qh55	hfzdt
2011-11-15T07:28:24	t5_2qh55	mct88
2010-10-23T07:44:29	t5_2qh55	dv7zk
2011-04-06T01:07:28	t5_2qh55	gjgur
2010-11-10T14:20:58	t5_2qh55	e40av
2011-01-06T20:32:12	t5_2qh55	exezl
2011-09-11T06:21:58	t5_2qh55	kbrxu
2011-08-23T22:11:21	t5_2qh55	js2p4
2010-07-20T03:27:59	t5_2qh55	crfme
2010-05-17T06:43:02	t5_2qh55	c4zfk
2011-06-07T18:53:45	t5_2qh55	htuyc
2010-07-23T02:32:21	t5_2qh55	csofg
2011-04-11T01:34:24	t5_2qh55	gmz54
2010-11-03T06:06:00	t5_2qh55	e0gk1
2011-11-21T08:44:18	t5_2qh55	mjy7w
2011-03-31T05:08:11	t5_2qh55	gf8bf
2011-05-04T19:59:10	t5_2qh55	h45qh
2011-06-02T04:32:27	t5_2qh55	hpl8r
2011-08-05T10:06:32	t5_2qh55	j9ooh
2010-07-10T02:36:13	t5_2qh55	cnwne
2010-03-28T00:41:41	t5_2qh55	bj5bp
2011-11-24T08:09:15	t5_2qh55	mnobs
2010-07-19T16:37:44	t5_2qh55	cr81b
2010-01-19T00:00:49	t5_2qh55	ar787
2010-09-02T13:01:11	t5_2qh55	d8mss
2011-03-04T09:41:03	t5_2qh55	fx5t0
2010-11-17T06:33:05	t5_2qh55	e7dh2
2010-09-02T10:31:06	t5_2qh55	d8ln8
2011-06-29T18:57:03	t5_2qh55	icg1b
2011-12-04T20:17:15	t5_2qh55	mzzpx
2011-11-18T04:26:56	t5_2qh55	mghyd
2010-02-17T22:36:50	t5_2qh55	b3b6e
2011-03-19T20:19:03	t5_2qh55	g76re
2010-12-12T22:29:42	t5_2qh55	eknf5
2010-07-24T22:54:39	t5_2qh55	ctbi6
2010-07-30T01:12:51	t5_2qh55	cv9sn
2011-05-05T14:54:11	t5_2qh55	h4rzz
2011-12-10T10:02:02	t5_2qh55	n7afk
2011-02-17T03:18:15	t5_2qh55	fmwgg
2010-07-10T05:57:55	t5_2qh55	cny8h
2011-08-03T11:30:00	t5_2qh55	j7lbg
2011-10-09T02:35:35	t5_2qh55	l5kc4
2011-10-26T16:10:03	t5_2qh55	lpozk
2010-02-16T09:22:38	t5_2qh55	b2ljd
2011-01-10T03:12:43	t5_2qh55	ez9d3
2010-11-27T05:01:59	t5_2qh55	ecc4c
2011-12-24T14:47:26	t5_2qh55	np4hs
2011-10-11T22:12:31	t5_2qh55	l8oeg
2010-07-24T20:30:36	t5_2qh55	ctad7
2011-07-30T22:03:06	t5_2qh55	j4bk3
2011-02-06T19:14:59	t5_2qh55	fgd85
2011-01-12T00:47:08	t5_2qh55	f0jhe
2011-07-27T01:51:19	t5_2qh55	j0n9d
2011-05-21T13:00:57	t5_2qh55	hglv8
2011-11-17T22:11:46	t5_2qh55	mg3ww
2011-10-06T08:09:00	t5_2qh55	l2qvu
2011-10-03T02:38:04	t5_2qh55	kyu7k
2010-12-01T23:12:05	t5_2qh55	eeqxc
2010-02-16T02:52:17	t5_2qh55	b2hn7
2011-06-21T00:44:36	t5_2qh55	i4q9n
2010-05-06T23:10:19	t5_2qh55	c0rkz
2010-06-24T21:15:20	t5_2qh55	cinzz
2011-05-16T20:23:55	t5_2qh55	hcpok
2010-09-05T08:52:16	t5_2qh55	d9rxk
2011-05-03T16:54:45	t5_2qh55	h36cu
2011-06-03T04:04:22	t5_2qh55	hqfhh
2011-02-12T21:11:02	t5_2qh55	fk71f
2010-08-05T09:58:17	t5_2qh55	cxmk1
2011-08-27T02:02:29	t5_2qh55	jvnqq
2011-02-25T17:25:09	t5_2qh55	fsmak
2010-04-16T21:38:01	t5_2qh55	brz82
2010-11-27T00:46:07	t5_2qh55	ec995
2011-06-20T17:48:48	t5_2qh55	i4ed6
2011-09-09T20:35:59	t5_2qh55	kab2u
2011-04-05T06:40:02	t5_2qh55	giw1c
2010-05-14T19:57:22	t5_2qh55	c4647
2010-04-10T18:38:25	t5_2qh55	bp4j9
2010-10-05T22:51:53	t5_2qh55	dn9ka
2011-03-16T01:01:11	t5_2qh55	g4ro4
2011-11-24T17:08:55	t5_2qh55	mnyws
2010-10-30T23:36:12	t5_2qh55	dyu5m
2010-08-03T04:07:44	t5_2qh55	cwnjj
2010-07-28T20:13:13	t5_2qh55	cuqn9
2010-11-06T22:05:13	t5_2qh55	e2988
2010-12-15T09:24:37	t5_2qh55	em4ey
2011-01-09T23:59:14	t5_2qh55	ez6cg
2011-06-09T17:52:03	t5_2qh55	hvl7l
2010-08-04T15:48:56	t5_2qh55	cx9su
2011-11-14T19:05:46	t5_2qh55	mbzt7
2011-12-02T00:27:03	t5_2qh55	mwrh6
2011-06-22T17:18:56	t5_2qh55	i68zz
2011-11-02T18:28:32	t5_2qh55	lxw01
2011-01-27T10:26:02	t5_2qh55	f9xv8
2011-07-29T05:51:06	t5_2qh55	j2vlg
2011-03-13T20:46:18	t5_2qh55	g38qm
2011-03-17T23:17:32	t5_2qh55	g60j6
2011-06-13T03:19:29	t5_2qh55	hy4tb
2011-03-01T03:46:04	t5_2qh55	furgz
2011-08-21T00:57:26	t5_2qh55	jp6xi
2011-10-04T02:02:12	t5_2qh55	kzxe2
2010-02-18T23:09:40	t5_2qh55	b3s82
2011-02-20T20:26:27	t5_2qh55	fp3fp
2010-01-26T02:45:01	t5_2qh55	au527
2011-02-05T19:22:26	t5_2qh55	ffvwl
2010-01-27T20:11:42	t5_2qh55	auvpg
2010-01-27T03:00:59	t5_2qh55	auklr
2011-01-30T19:17:29	t5_2qh55	fbwae
2011-10-16T05:15:18	t5_2qh55	ldrbo
2010-12-10T23:14:19	t5_2qh55	ejs90
2010-09-06T18:02:56	t5_2qh55	da881
2011-08-05T07:01:56	t5_2qh55	j9krb
2011-02-18T15:42:12	t5_2qh55	fnwks
2011-11-17T01:09:33	t5_2qh55	mf170
2010-12-24T06:17:08	t5_2qh55	eqsh6
2010-08-24T15:50:11	t5_2qh55	d4uas
2010-12-17T06:45:09	t5_2qh55	en9d2
2010-01-13T21:03:20	t5_2qh55	ap8u1
2011-01-25T19:32:55	t5_2qh55	f8u41
2011-12-04T01:03:05	t5_2qh55	mz7ac
2010-06-10T04:45:46	t5_2qh55	cddql
2010-05-01T05:17:59	t5_2qh55	bylr2
2011-07-25T00:45:18	t5_2qh55	iyo0t
2011-05-09T21:41:12	t5_2qh55	h7jtq
2011-10-16T13:01:59	t5_2qh55	ldzx5
2010-12-11T23:41:05	t5_2qh55	ek90v
2010-09-25T02:24:59	t5_2qh55	dikdp
2011-06-06T05:31:15	t5_2qh55	hsk2y
2010-07-13T19:37:49	t5_2qh55	cp4ma
2010-05-24T12:15:51	t5_2qh55	c7hvi
2010-04-01T20:54:00	t5_2qh55	blbhh
2010-03-23T17:32:48	t5_2qh55	bh6d1
2010-04-12T01:11:58	t5_2qh55	bpj56
2011-06-05T20:07:36	t5_2qh55	hs8d0
2011-06-08T02:39:46	t5_2qh55	hu7fb
2010-03-24T04:51:38	t5_2qh55	bhfd8
2011-07-18T15:25:16	t5_2qh55	issfi
2010-01-12T03:30:40	t5_2qh55	aogci
2011-05-08T02:09:41	t5_2qh55	h6drn
2011-03-12T17:30:08	t5_2qh55	g2mwf
2010-11-07T19:29:10	t5_2qh55	e2k6j
2011-08-28T08:19:11	t5_2qh55	jwtk7
2011-09-16T16:37:07	t5_2qh55	khnxg
2010-11-23T02:27:08	t5_2qh55	ea9iu
2011-09-21T03:45:14	t5_2qh55	km93u
2011-06-14T12:05:04	t5_2qh55	hzak7
2011-09-09T03:50:47	t5_2qh55	k9j97
2011-06-02T03:00:08	t5_2qh55	hpj4m
2011-09-19T08:11:48	t5_2qh55	kk8k1
2010-09-27T17:57:54	t5_2qh55	djjb2
2010-10-26T17:37:04	t5_2qh55	dwnxn
2011-11-23T08:49:04	t5_2qh55	mmiml
2011-12-04T13:06:50	t5_2qh55	mzosj
2010-11-19T07:42:02	t5_2qh55	e8j32
2011-11-18T01:57:22	t5_2qh55	mgcpv
2011-08-01T06:34:53	t5_2qh55	j5dz6
2011-02-08T00:29:38	t5_2qh55	fh5zg
2011-11-24T08:45:02	t5_2qh55	mnp6d
2010-05-18T13:43:29	t5_2qh55	c5ibe
2010-07-27T00:32:02	t5_2qh55	ctzej
2011-08-09T06:53:48	t5_2qh55	jd64z
2010-04-17T18:01:48	t5_2qh55	bsbrh
2010-06-03T07:14:46	t5_2qh55	cawj8
2010-02-07T04:02:05	t5_2qh55	az02s
2010-11-24T22:14:54	t5_2qh55	ebb68
2010-12-20T17:31:43	t5_2qh55	eotq0
2010-12-13T09:56:53	t5_2qh55	ekxc5
2011-12-27T22:21:14	t5_2qh55	nspjr
2011-09-14T04:28:05	t5_2qh55	kewze
2011-08-16T03:02:50	t5_2qh55	jjycr
2011-11-03T17:31:13	t5_2qh55	lz4nh
2010-11-16T18:53:56	t5_2qh55	e729p
2010-06-19T15:50:03	t5_2qh55	cgqsi
2010-12-25T04:17:56	t5_2qh55	er5mc
2011-10-20T16:14:44	t5_2qh55	lipkt
2010-11-09T03:33:53	t5_2qh55	e38rv
2010-11-10T10:14:32	t5_2qh55	e3y4u
2011-04-12T12:21:56	t5_2qh55	go43j
2010-08-06T20:26:09	t5_2qh55	cy81b
2011-07-17T03:17:33	t5_2qh55	iro82
2011-07-12T21:27:52	t5_2qh55	inp2i
2010-06-18T13:59:05	t5_2qh55	cgdcb
2010-10-11T17:43:49	t5_2qh55	dpqxw
2011-02-06T15:40:20	t5_2qh55	fgagu
2010-10-07T05:13:52	t5_2qh55	dnvrr
2011-05-25T18:06:51	t5_2qh55	hjveg
2011-06-16T11:53:23	t5_2qh55	i13nh
2011-05-09T03:54:17	t5_2qh55	h7011
2010-09-25T22:16:53	t5_2qh55	diujr
2011-07-30T00:19:46	t5_2qh55	j3na3
2011-02-08T17:06:45	t5_2qh55	fhkbc
2010-10-07T20:15:43	t5_2qh55	do69x
2010-12-08T18:50:54	t5_2qh55	eiebq
2011-11-01T17:33:53	t5_2qh55	lwk8m
2011-06-02T08:19:30	t5_2qh55	hpqac
2011-04-25T19:41:04	t5_2qh55	gx40s
2011-07-06T21:36:27	t5_2qh55	iidbq
2011-02-05T21:54:07	t5_2qh55	ffyc4
2011-09-11T01:23:34	t5_2qh55	kbk1f
2010-04-17T02:10:43	t5_2qh55	bs2bz
2011-07-30T05:09:22	t5_2qh55	j3uaf
2011-10-03T12:35:52	t5_2qh55	kz8mx
2010-07-26T02:46:20	t5_2qh55	ctmgk
2010-10-18T15:42:03	t5_2qh55	dsseu
2011-03-18T14:36:05	t5_2qh55	g6fa3
2011-09-30T05:20:40	t5_2qh55	kw2by
2011-05-14T05:28:04	t5_2qh55	hb1ao
2011-11-26T17:59:33	t5_2qh55	mpyva
2011-10-11T17:59:48	t5_2qh55	l8dzv
2011-03-09T04:31:42	t5_2qh55	g07v2
2011-05-17T07:11:25	t5_2qh55	hd5ab
2011-04-11T04:24:36	t5_2qh55	gn2la
2011-11-07T01:28:10	t5_2qh55	m2wsb
2011-07-28T09:31:15	t5_2qh55	j1zfi
2011-01-21T08:19:49	t5_2qh55	f6cgt
2010-09-28T00:57:20	t5_2qh55	djpn9
2011-03-07T06:33:04	t5_2qh55	fytop
2011-07-22T04:16:20	t5_2qh55	iwfgo
2011-03-16T02:52:53	t5_2qh55	g4tu5
2010-11-05T16:33:03	t5_2qh55	e1pzp
2010-07-25T23:03:34	t5_2qh55	ctku0
2011-08-16T00:02:20	t5_2qh55	jjszs
2011-10-19T01:39:11	t5_2qh55	lgv03
2010-11-10T20:34:45	t5_2qh55	e46tf
2011-08-01T02:11:36	t5_2qh55	j57a7
2010-06-02T02:58:31	t5_2qh55	cafrv
2011-09-23T03:53:42	t5_2qh55	kol5z
2011-11-06T17:05:12	t5_2qh55	m2g2k
2010-04-10T23:54:18	t5_2qh55	bp7da
2010-05-18T15:28:17	t5_2qh55	c5j95
2011-09-04T02:53:40	t5_2qh55	k3ym5
2011-11-07T00:38:53	t5_2qh55	m2v3z
2010-02-04T06:37:55	t5_2qh55	axv7g
2011-09-12T09:43:07	t5_2qh55	kcv9b
2011-08-22T19:35:37	t5_2qh55	jqrmu
2011-11-01T08:17:11	t5_2qh55	lw7ij
2011-01-10T02:54:27	t5_2qh55	ez92a
2011-02-27T12:13:02	t5_2qh55	ftngp
2010-12-23T22:48:38	t5_2qh55	eqmqs
2011-03-22T23:37:52	t5_2qh55	g99j0
2011-05-19T07:16:58	t5_2qh55	hetcl
2011-07-09T22:48:56	t5_2qh55	il4j0
2011-06-01T06:37:08	t5_2qh55	hote7
2010-11-15T22:25:33	t5_2qh55	e6l7x
2011-08-25T12:34:06	t5_2qh55	jtwf1
2011-09-07T13:26:32	t5_2qh55	k7hdd
2011-02-23T01:33:13	t5_2qh55	fqnz7
2011-01-04T01:04:23	t5_2qh55	evozm
2011-06-06T17:53:36	t5_2qh55	hsx5j
2010-10-03T19:28:11	t5_2qh55	dm9gw
2011-12-16T16:45:16	t5_2qh55	nf8xc
2010-05-26T23:43:32	t5_2qh55	c8g5u
2011-03-08T18:56:49	t5_2qh55	fzvrp
2010-03-13T08:55:06	t5_2qh55	bcuvd
2011-02-01T17:29:31	t5_2qh55	fd5le
2011-05-18T20:57:04	t5_2qh55	heex5
2010-10-26T12:45:18	t5_2qh55	dwk0g
2011-08-12T02:24:32	t5_2qh55	jg95l
2011-03-07T04:35:18	t5_2qh55	fyret
2011-04-27T22:38:04	t5_2qh55	gyp3v
2010-02-15T22:51:17	t5_2qh55	b2fd7
2010-03-22T20:01:38	t5_2qh55	bgqji
2010-03-27T23:08:12	t5_2qh55	bj4lw
2011-05-25T16:27:06	t5_2qh55	hjsto
2010-12-06T17:22:09	t5_2qh55	eh31r
2010-01-19T12:58:09	t5_2qh55	arf1s
2011-10-20T02:26:33	t5_2qh55	li46z
2011-11-17T16:51:15	t5_2qh55	mfrdg
2010-07-25T21:33:02	t5_2qh55	ctk3n
2010-04-02T23:39:32	t5_2qh55	blsab
2011-10-15T19:54:12	t5_2qh55	ldbag
2011-02-26T13:00:15	t5_2qh55	ft59i
2011-04-21T01:05:30	t5_2qh55	guvcl
2011-11-16T06:40:47	t5_2qh55	me2rq
2011-02-08T04:44:51	t5_2qh55	fh9rx
2011-12-08T16:41:35	t5_2qh55	n4x0j
2011-03-10T16:37:48	t5_2qh55	g18h8
2011-07-14T19:51:49	t5_2qh55	ipmaw
2011-09-30T20:55:05	t5_2qh55	kwquy
2010-07-15T03:34:33	t5_2qh55	cpp0o
2010-12-04T10:11:22	t5_2qh55	eg2dp
2011-06-23T14:32:19	t5_2qh55	i73qc
2010-11-02T22:41:14	t5_2qh55	e09lx
2011-01-03T23:32:43	t5_2qh55	evnf2
2011-05-18T12:15:44	t5_2qh55	he3q3
2010-07-15T01:44:25	t5_2qh55	cpnw3
2011-07-24T06:44:48	t5_2qh55	iy66r
2010-01-17T22:40:11	t5_2qh55	aqrb4
2010-02-08T23:50:10	t5_2qh55	aznmx
2011-01-15T07:06:42	t5_2qh55	f2oow
