created_date	subreddit_id	id	parent_id
2011-01-25T05:38:06	t5_2qipl	c1e38xu	t3_f82kl
2010-03-24T23:14:10	t5_2qipl	c0mtyre	t3_bh862
2011-11-13T11:12:07	t5_2qipl	c2zejqt	t3_maj21
2011-09-20T02:57:38	t5_2qipl	c2l48te	t1_c2l44nj
2011-11-30T04:50:02	t5_2qipl	c33w3k0	t3_mu8cr
2011-12-08T03:08:14	t5_2qipl	c36442n	t3_n442h
2011-11-21T19:57:32	t5_2qipl	c31moq0	t1_c30ugt8
2011-12-14T00:57:43	t5_2qipl	c37tcc0	t1_c37nukt
2011-08-24T02:48:30	t5_2qipl	c2eq636	t1_c2e7z32
2011-04-19T20:40:38	t5_2qipl	c1q8kxe	t3_gtrpm
2011-11-17T06:38:21	t5_2qipl	c30gc3g	t3_mermx
2011-06-19T03:25:34	t5_2qipl	c20jdr3	t3_i33o9
2011-02-07T17:49:37	t5_2qipl	c1fuqgd	t3_fgqbg
2011-05-25T23:24:51	t5_2qipl	c1w0f4v	t3_hiuor
2011-10-11T20:51:00	t5_2qipl	c2qn8c8	t1_c2qiq0l
2011-05-04T19:08:56	t5_2qipl	c1sez9l	t3_h3l2s
2010-09-24T11:42:54	t5_2qipl	c10dya1	t3_di967
2011-09-01T02:01:10	t5_2qipl	c2gmvqr	t3_k0h0f
2011-05-20T03:49:46	t5_2qipl	c1v0gis	t3_hfgyu
2011-04-06T05:39:31	t5_2qipl	c1o0lo3	t3_gji1e
2010-11-02T18:28:13	t5_2qipl	c147zcv	t1_c13wvqb
2011-10-15T05:24:08	t5_2qipl	c2rmiih	t1_c2rmfw2
2011-02-14T02:25:40	t5_2qipl	c1gogjd	t1_c1gnd3f
2011-05-03T05:43:14	t5_2qipl	c1s5bri	t1_c1s4ugj
2011-10-27T09:14:44	t5_2qipl	c2uu73v	t3_lqp1r
2011-08-16T02:09:16	t5_2qipl	c2cpz4r	t1_c2cowfr
2011-06-15T09:38:44	t5_2qipl	c1zsg7y	t3_i04t1
2011-05-02T06:24:08	t5_2qipl	c1rz3hz	t1_c1rxz8i
2011-01-19T07:51:21	t5_2qipl	c1dbc0x	t1_c1db2v1
2011-11-28T19:11:40	t5_2qipl	c33f5wl	t3_mrsjq
2011-10-06T15:42:54	t5_2qipl	c2pc632	t1_c2pby2r
2011-08-04T14:34:39	t5_2qipl	c2a253r	t3_j8k49
2011-06-10T21:03:22	t5_2qipl	c1yyewo	t1_c1ywffe
2011-12-22T10:07:39	t5_2qipl	c3a88sz	t1_c39op7u
2011-03-08T17:40:33	t5_2qipl	c1jv0eu	t3_fzu1l
2011-07-16T19:31:25	t5_2qipl	c2610nt	t3_ir4vk
2011-10-27T20:24:35	t5_2qipl	c2uy83v	t1_c2uxz2f
2011-04-08T18:52:23	t5_2qipl	c1ofk97	t1_c1ofj8n
2011-12-01T08:49:50	t5_2qipl	c349agx	t3_mvum1
2011-12-23T15:04:52	t5_2qipl	c3ak7gg	t3_nns09
2011-09-27T20:31:03	t5_2qipl	c2n08u3	t3_ksg46
2011-12-27T18:48:54	t5_2qipl	c3bkjv5	t3_nry1v
2011-11-27T20:28:45	t5_2qipl	c33612l	t3_mr25b
2011-10-26T20:47:01	t5_2qipl	c2unyna	t1_c2uns0i
2011-12-01T17:40:04	t5_2qipl	c34c1fx	t3_mvtp0
2011-02-16T19:50:07	t5_2qipl	c1h1dp4	t3_fkbgm
2011-03-26T00:14:31	t5_2qipl	c1mcmyi	t3_gbar5
2011-06-10T18:23:26	t5_2qipl	c1yx9zu	t1_c1ysvz7
2011-11-09T19:59:46	t5_2qipl	c2ygqdv	t1_c2yd0z2
2011-11-07T22:17:52	t5_2qipl	c2xvzgx	t1_c2xn3eh
2011-05-04T21:06:14	t5_2qipl	c1sftqq	t3_h47ii
2011-07-08T00:24:18	t5_2qipl	c248l9u	t1_c247toh
2011-04-16T03:29:11	t5_2qipl	c1pnrli	t3_gqqgc
2011-12-04T20:47:31	t5_2qipl	c357pj7	t3_my4qo
2011-09-16T05:23:49	t5_2qipl	c2k89ji	t1_c2k80ki
2011-06-13T21:54:40	t5_2qipl	c1zhhld	t3_hypcp
2011-02-04T22:15:35	t5_2qipl	c1fijiq	t3_ffeqn
2011-05-24T02:47:14	t5_2qipl	c1vndex	t3_hig8g
2011-08-29T06:33:09	t5_2qipl	c2fy5z3	t3_jwmyg
2011-12-06T18:50:10	t5_2qipl	c35sovt	t1_c35q043
2011-01-20T03:34:58	t5_2qipl	c1dfpzw	t1_c1dbc0x
2011-12-27T22:54:55	t5_2qipl	c3bmwkz	t3_nsolq
2011-02-03T02:24:35	t5_2qipl	c1f97pd	t1_c1f95ru
2011-07-23T08:06:22	t5_2qipl	c27f2aq	t1_c27etuj
2011-01-24T22:50:52	t5_2qipl	c1e1g5e	t1_c1e08f0
2011-12-28T19:05:15	t5_2qipl	c3bvabs	t3_ntg4d
2011-07-23T16:12:42	t5_2qipl	c27gepr	t3_iw5wc
2011-12-28T18:13:49	t5_2qipl	c3burqn	t1_c3btu7d
2010-10-04T06:33:15	t5_2qipl	c11b5gi	t3_dm86m
2010-11-30T17:55:34	t5_2qipl	c17e0cp	t3_edz3i
2011-08-11T09:06:33	t5_2qipl	c2bnmjs	t3_j9kv6
2011-05-08T08:39:35	t5_2qipl	c1sybuh	t3_h52bc
2011-05-05T04:45:53	t5_2qipl	c1sifgp	t3_h47ii
2011-04-20T07:24:35	t5_2qipl	c1qbv5r	t3_gu6uj
2011-12-08T15:37:05	t5_2qipl	c368suk	t1_c363jlt
2011-12-06T23:59:01	t5_2qipl	c35w31j	t1_c35vnbt
2011-07-24T09:21:23	t5_2qipl	c27lpgo	t1_c27laon
2011-11-15T15:53:43	t5_2qipl	c2zy0cv	t3_mcuu3
2011-02-07T03:11:47	t5_2qipl	c1fs7kc	t1_c1fca1m
2011-08-02T23:29:33	t5_2qipl	c29omrp	t1_c29igrl
2011-01-24T15:39:03	t5_2qipl	c1dzkrh	t3_f82kl
2011-11-28T16:15:41	t5_2qipl	c33dq7k	t3_ms1ku
2011-02-16T22:02:05	t5_2qipl	c1h235v	t3_fkbgm
2011-12-15T05:03:11	t5_2qipl	c386xv2	t3_nd7av
2011-03-23T01:27:28	t5_2qipl	c1lvpgz	t1_c1lrl9r
2011-06-14T17:21:08	t5_2qipl	c1zmt4c	t3_hz5yo
2011-12-16T09:45:00	t5_2qipl	c38jyqx	t3_newze
2010-07-16T00:31:40	t5_2qipl	c0uddsg	t1_c0uc7p0
2011-11-26T19:05:41	t5_2qipl	c32wvti	t1_c32slw6
2011-12-31T00:23:40	t5_2qipl	c3ck59x	t3_nwg2b
2011-12-11T18:06:44	t5_2qipl	c373nn1	t3_n8ioz
2011-06-19T01:03:46	t5_2qipl	c20iq5y	t3_i33o9
2011-11-05T00:04:21	t5_2qipl	c2x5hua	t1_c2x5bmv
2011-02-14T19:51:55	t5_2qipl	c1grdrz	t1_c1gr96q
2011-01-17T17:19:11	t5_2qipl	c1d35ax	t1_c1d0foa
2011-12-31T15:17:18	t5_2qipl	c3cprr0	t3_nry1v
2011-09-22T02:43:37	t5_2qipl	c2lmxz5	t1_c2lgzlt
2010-10-09T03:34:24	t5_2qipl	c11snqx	t1_c11sm1a
2011-10-11T00:04:14	t5_2qipl	c2qen0b	t3_l7h17
2011-12-27T22:44:15	t5_2qipl	c3bmsvm	t3_nsm1j
2011-09-03T02:42:07	t5_2qipl	c2h4rhi	t1_c2g98lq
2011-03-03T18:03:04	t5_2qipl	c1j5ni9	t1_c1j36g5
2011-09-18T03:16:46	t5_2qipl	c2knn56	t3_kiv7t
2011-11-30T04:25:34	t5_2qipl	c33vv1n	t3_mu8cr
2011-08-04T05:19:44	t5_2qipl	c29zssb	t3_j8cjn
2011-01-05T05:38:47	t5_2qipl	c1bgn2a	t1_c17609w
2011-08-15T07:54:04	t5_2qipl	c2cjjrt	t1_c2bn5y9
2011-10-06T07:17:20	t5_2qipl	c2pa5xc	t3_l2g1j
2011-05-11T05:43:27	t5_2qipl	c1tg2bz	t3_h7ywr
2011-11-28T19:22:30	t5_2qipl	c33f9kf	t1_c33drtp
2011-10-19T18:59:02	t5_2qipl	c2sr3bu	t1_c2sqq3q
2011-12-04T15:41:35	t5_2qipl	c355ef7	t3_mz6jb
2011-04-19T00:49:45	t5_2qipl	c1q3hej	t3_gsg6x
2011-09-27T22:24:37	t5_2qipl	c2n1cde	t3_krnk4
2011-12-07T02:21:55	t5_2qipl	c35xftf	t3_n2mj5
2010-03-24T22:59:55	t5_2qipl	c0mtxp6	t3_bgn4l
2011-02-03T00:20:46	t5_2qipl	c1f8pm2	t3_fdvb5
2011-12-07T08:15:43	t5_2qipl	c360gl5	t3_n3o3e
2011-06-06T21:56:08	t5_2qipl	c1y52qx	t3_ht2fv
2011-10-26T16:19:11	t5_2qipl	c2ulfqm	t1_c2uhqc0
2011-02-09T03:31:17	t5_2qipl	c1g2emb	t1_c1fkunp
2010-07-06T07:47:24	t5_2qipl	c0tloj9	t3_cmcd1
2011-10-26T19:15:36	t5_2qipl	c2un25l	t1_c2umuld
2011-04-15T01:59:49	t5_2qipl	c1ph0kp	t3_gq19g
2011-12-13T02:10:11	t5_2qipl	c37ixnf	t1_c36u021
2011-01-12T04:59:09	t5_2qipl	c1ce82u	t1_c1ce7l0
2011-04-01T15:46:55	t5_2qipl	c1nc8gy	t1_c1nb6dm
2011-12-07T03:53:42	t5_2qipl	c35y96e	t3_n3049
2011-08-04T20:23:05	t5_2qipl	c2a4s6h	t3_j8wcv
2011-10-03T20:29:33	t5_2qipl	c2ojl2s	t3_kzdf4
2011-11-06T21:36:56	t5_2qipl	c2xl5kt	t1_c2wvtk4
2011-11-28T16:11:49	t5_2qipl	c33dpaz	t3_mrsjq
2011-08-02T03:45:58	t5_2qipl	c29htgc	t1_c29he3c
2011-07-31T17:06:19	t5_2qipl	c295l3f	t1_c294pki
2011-08-14T11:09:05	t5_2qipl	c2ccxj7	t1_c2c9qir
2011-12-14T02:28:32	t5_2qipl	c37u789	t1_c37o5km
2011-02-02T17:04:11	t5_2qipl	c1f6ls3	t1_c1f3y4w
2010-11-14T23:25:36	t5_2qipl	c15l4r7	t3_e62ss
2011-05-03T04:19:15	t5_2qipl	c1s4ugj	t1_c1rv2hk
2011-12-05T08:34:25	t5_2qipl	c35dyna	t3_n06hj
2011-12-29T21:57:02	t5_2qipl	c3c7djp	t3_nuzju
2011-08-15T22:49:36	t5_2qipl	c2cohtp	t1_c2cjjrt
2011-02-14T00:40:41	t5_2qipl	c1go1ms	t3_fkmpr
2011-12-07T04:45:34	t5_2qipl	c35yqhs	t3_n3049
2011-12-05T12:35:19	t5_2qipl	c35exrx	t3_n03d8
2011-10-05T00:27:09	t5_2qipl	c2ovxtx	t3_l0x3w
2011-12-17T21:21:02	t5_2qipl	c38x6df	t3_ngfnm
2011-01-20T04:31:03	t5_2qipl	c1dfyli	t1_c1dfv3c
2011-12-13T03:28:10	t5_2qipl	c37jm36	t3_n29pp
2011-12-10T03:14:07	t5_2qipl	c36qmiy	t1_c36ppfa
2010-08-02T08:46:07	t5_2qipl	c0vrg5z	t1_c0vqa2q
2011-06-14T21:06:07	t5_2qipl	c1zoat8	t1_c1zmqnz
2011-08-29T06:50:53	t5_2qipl	c2fya8c	t3_jvxua
2011-09-01T08:29:57	t5_2qipl	c2gpfd3	t3_k0h0f
2011-11-20T18:58:39	t5_2qipl	c31c7bz	t3_mft3k
2011-06-12T01:39:42	t5_2qipl	c1z5u09	t1_c1yyewo
2011-11-29T01:57:42	t5_2qipl	c33j5ch	t3_msi3o
2011-08-17T19:41:57	t5_2qipl	c2d5m2p	t1_c2d3u4h
2011-10-07T05:40:42	t5_2qipl	c2piuyr	t1_c2pbo6s
2011-08-29T08:58:07	t5_2qipl	c2fz0a5	t1_c2fq8lk
2010-03-31T19:41:18	t5_2qipl	c0n9cot	t3_bkr0j
2011-12-10T09:41:41	t5_2qipl	c36szni	t3_n7a37
2011-06-18T22:29:44	t5_2qipl	c20i04l	t3_i33o9
2011-08-15T19:27:25	t5_2qipl	c2cmulv	t1_c2ci2sq
2011-05-17T00:44:39	t5_2qipl	c1ueylb	t3_hcoap
2011-10-27T05:49:02	t5_2qipl	c2ustu5	t1_c2ulfqm
2010-08-14T15:52:18	t5_2qipl	c0wre0u	t1_c0wrdnk
2011-09-15T19:40:16	t5_2qipl	c2k3rlb	t3_kgp3i
2011-01-25T06:29:06	t5_2qipl	c1e3gk4	t1_c1e2ouf
2011-02-10T16:49:48	t5_2qipl	c1g8fmn	t1_c1g83ix
2011-08-30T20:19:10	t5_2qipl	c2gatey	t3_jz9zx
2011-07-05T06:59:23	t5_2qipl	c23nxxb	t3_igowa
2011-07-06T19:56:33	t5_2qipl	c23z2su	t3_iiadt
2011-11-29T16:22:02	t5_2qipl	c33omml	t3_mscmz
2011-02-03T10:40:06	t5_2qipl	c1faven	t1_c1fa4s2
2011-11-30T14:50:12	t5_2qipl	c33zefc	t1_c33ywbh
2010-09-05T12:50:17	t5_2qipl	c0ylpmy	t3_d9t6r
2011-08-21T23:54:19	t5_2qipl	c2e65p4	t3_jpwn7
2011-12-11T06:08:03	t5_2qipl	c370dud	t3_n80in
2011-12-08T03:46:40	t5_2qipl	c364hdm	t3_n3049
2011-10-24T01:37:37	t5_2qipl	c2tvdo8	t3_lmh9m
2011-06-23T20:38:37	t5_2qipl	c21hci8	t3_i34yi
2011-10-06T05:42:17	t5_2qipl	c2p9eqm	t3_l28wr
2011-12-06T18:34:29	t5_2qipl	c35sj2k	t3_n2mj5
2011-06-09T18:10:50	t5_2qipl	c1ypzsz	t3_hpnew
2011-12-09T03:41:24	t5_2qipl	c36g95t	t3_n5g5s
2011-07-08T08:07:19	t5_2qipl	c24bdl5	t3_ijecv
2010-09-07T05:34:57	t5_2qipl	c0yqty0	t3_da5a1
2011-06-07T15:28:44	t5_2qipl	c1ya5tz	t1_c1y69yd
2011-06-21T11:21:27	t5_2qipl	c20z3tf	t3_i4i64
2011-12-29T14:34:56	t5_2qipl	c3c468z	t1_c3btw7b
2011-08-16T18:12:56	t5_2qipl	c2cvjal	t3_jjgx8
2011-08-18T06:37:03	t5_2qipl	c2dax60	t3_jlqit
2011-01-03T08:56:52	t5_2qipl	c1b8xsb	t3_evbg2
2011-12-11T19:47:30	t5_2qipl	c374gfl	t3_n8ioz
2011-06-23T05:47:03	t5_2qipl	c21d59u	t1_c21cbbj
2011-06-30T18:06:32	t5_2qipl	c22tsry	t1_c22qme3
2011-09-16T09:27:16	t5_2qipl	c2k9nyu	t1_c2k8n0n
2011-08-02T03:08:55	t5_2qipl	c29hknf	t1_c29fkha
2011-07-06T07:08:48	t5_2qipl	c23vo9n	t3_h9g64
2011-11-01T01:40:08	t5_2qipl	c2vzta1	t3_lvs7j
2011-09-23T17:09:57	t5_2qipl	c2m0u17	t3_kotvl
2011-12-22T10:49:45	t5_2qipl	c3a8fba	t3_nmgpb
2011-12-02T18:34:16	t5_2qipl	c34o3uu	t1_c340je1
2011-12-01T19:57:04	t5_2qipl	c34dgk5	t1_c34cwk3
2011-05-17T13:32:32	t5_2qipl	c1ui4ua	t1_c1uem20
2011-11-17T21:55:15	t5_2qipl	c30mgi9	t3_mft3k
2010-07-15T18:16:58	t5_2qipl	c0uc8vx	t1_c0uc82q
2010-09-23T05:44:00	t5_2qipl	c109tn0	t1_c0yplrt
2011-12-02T05:00:44	t5_2qipl	c34j350	t1_c34ivby
2011-12-04T23:27:11	t5_2qipl	c3595nl	t1_c35587f
2011-08-17T03:02:52	t5_2qipl	c2czzat	t3_jitkd
2011-03-03T15:40:04	t5_2qipl	c1j52wn	t3_fw9yw
2011-03-13T05:04:16	t5_2qipl	c1kj04t	t3_g2st0
2011-12-01T05:00:33	t5_2qipl	c347hex	t1_c347aza
2011-09-15T03:39:04	t5_2qipl	c2jyhb8	t3_kfzpb
2011-06-14T17:08:31	t5_2qipl	c1zmqnz	t1_c1zmhqm
2011-09-16T22:45:26	t5_2qipl	c2keghs	t3_khap8
2011-05-02T03:00:12	t5_2qipl	c1ry2ns	t1_c1rxzti
2011-11-13T15:46:58	t5_2qipl	c2zfd7c	t3_maj21
2011-08-15T01:43:00	t5_2qipl	c2ch2e7	t3_jitkd
2011-10-26T20:20:22	t5_2qipl	c2unoro	t1_c2ume08
2011-08-22T04:08:42	t5_2qipl	c2e7z32	t3_jkop0
2011-04-13T13:14:20	t5_2qipl	c1p6fre	t3_gopgo
2010-07-07T03:21:34	t5_2qipl	c0to2ku	t3_cmcd1
2011-06-16T20:23:40	t5_2qipl	c203afn	t3_i1ekg
2011-07-06T07:41:57	t5_2qipl	c23vuke	t1_c23vrs2
2011-11-02T05:11:24	t5_2qipl	c2wby1i	t1_c2waydh
2011-08-05T08:09:34	t5_2qipl	c2a9zd3	t3_j9kv6
2011-07-20T23:01:48	t5_2qipl	c26vu2p	t3_iuydz
2011-05-18T17:17:01	t5_2qipl	c1upyjv	t3_h84dq
2011-08-05T16:40:32	t5_2qipl	c2ac0nm	t1_c2abwq8
2010-08-25T03:39:59	t5_2qipl	c0xmk0j	t3_d3106
2011-12-14T10:06:53	t5_2qipl	c37xqif	t3_m9ofk
2011-05-16T20:36:55	t5_2qipl	c1udda7	t1_c1udc8g
2010-08-14T19:28:46	t5_2qipl	c0wrrbf	t3_d14eb
2010-03-30T05:58:13	t5_2qipl	c0n5p1x	t3_bjzuz
2011-12-28T02:36:04	t5_2qipl	c3bou08	t3_nsvoe
2011-11-02T13:55:04	t5_2qipl	c2weewg	t1_c2wb6kz
2010-08-02T07:33:40	t5_2qipl	c0vrb7z	t1_c0vq4kq
2011-07-24T10:10:06	t5_2qipl	c27lv5m	t3_iy5tf
2011-07-07T02:23:17	t5_2qipl	c241hu5	t1_c2401bm
2011-05-06T00:41:38	t5_2qipl	c1snsqi	t3_h54cq
2010-05-15T12:10:26	t5_2qipl	c0q25rm	t3_c4f73
2011-11-03T23:35:28	t5_2qipl	c2wuo58	t3_lzha9
2011-11-23T17:25:26	t5_2qipl	c3268u9	t3_mmrzd
2011-08-18T00:48:29	t5_2qipl	c2d8ccv	t1_c2d5wg5
2011-12-04T03:11:50	t5_2qipl	c351q81	t1_c351dpq
2011-12-08T03:39:36	t5_2qipl	c364ewx	t3_n3jcu
2011-10-06T07:40:50	t5_2qipl	c2pabep	t3_kzwfd
2011-11-02T16:52:46	t5_2qipl	c2wfrmy	t3_lxs14
2011-06-16T23:59:43	t5_2qipl	c204yl8	t1_c203bg2
2011-11-28T01:25:58	t5_2qipl	c338iy4	t1_c33612l
2011-07-23T07:16:33	t5_2qipl	c27etuj	t3_ix4fp
2011-03-23T05:18:41	t5_2qipl	c1lws15	t3_g8ood
2011-04-05T17:31:43	t5_2qipl	c1nwk9m	t3_gbh46
2011-11-23T07:01:07	t5_2qipl	c3237dd	t1_c3233wu
2011-04-08T19:23:19	t5_2qipl	c1ofqzh	t3_gla9j
2011-11-28T05:03:07	t5_2qipl	c33abv9	t1_c338iy4
2011-04-15T18:21:22	t5_2qipl	c1pksah	t3_gqqtj
2011-12-08T05:01:35	t5_2qipl	c3658ar	t3_n462q
2011-11-15T22:44:35	t5_2qipl	c301td0	t3_mdgcy
2011-10-27T08:26:44	t5_2qipl	c2utxy3	t3_lqpcm
2011-12-11T21:24:42	t5_2qipl	c375bu4	t3_n8ioz
2011-12-05T00:56:55	t5_2qipl	c359zkv	t1_c359c9a
2011-12-28T20:07:13	t5_2qipl	c3bvy8w	t1_c3bta3n
2010-12-14T22:31:59	t5_2qipl	c192f1a	t1_c1926co
2011-08-23T16:03:45	t5_2qipl	c2ekkr9	t3_jrnsi
2011-12-30T20:06:59	t5_2qipl	c3chsgf	t3_nw868
2011-07-23T04:56:01	t5_2qipl	c27e3do	t3_ix9rr
2011-12-01T04:26:28	t5_2qipl	c3475mj	t1_c346zjq
2011-11-03T16:20:50	t5_2qipl	c2wqgky	t1_c2wjkgh
2010-04-21T18:57:35	t5_2qipl	c0okcej	t1_c0obvvd
2011-09-28T00:32:42	t5_2qipl	c2n2j0y	t1_c2n1b6m
2011-03-23T05:28:58	t5_2qipl	c1lwtl6	t1_c1lw8zd
2011-12-06T21:34:40	t5_2qipl	c35uh0d	t1_c35s3os
2011-08-01T21:00:36	t5_2qipl	c29ewwy	t3_j5vt9
2011-01-25T06:41:45	t5_2qipl	c1e3i9n	t3_f62v3
2011-06-19T02:15:53	t5_2qipl	c20j2bw	t3_i33o9
2011-10-30T22:30:38	t5_2qipl	c2vot81	t1_c2vlqgl
2010-09-28T15:33:39	t5_2qipl	c10r8gc	t3_djtj0
2011-12-10T22:56:51	t5_2qipl	c36x6ax	t3_n7gym
2011-11-30T20:35:13	t5_2qipl	c342idd	t1_c340xb3
2011-11-09T19:32:00	t5_2qipl	c2ygg37	t1_c2yg2jc
2011-12-08T09:09:46	t5_2qipl	c36762z	t3_n4m71
2011-10-15T02:16:27	t5_2qipl	c2rl8hb	t3_lcn4f
2011-10-06T15:03:15	t5_2qipl	c2pby2r	t1_c2pbo6s
2011-11-14T03:20:53	t5_2qipl	c2zkf1a	t3_mb8u8
2011-11-12T06:02:07	t5_2qipl	c2z5qcx	t3_m9365
2011-12-07T16:34:04	t5_2qipl	c362wmj	t1_c35x3rn
2011-11-07T19:25:16	t5_2qipl	c2xu7nl	t3_m2qhv
2011-12-06T10:08:00	t5_2qipl	c35po0p	t3_n2c2s
2011-08-24T00:16:54	t5_2qipl	c2ep0ml	t3_jrnsi
2011-02-03T02:27:06	t5_2qipl	c1f980m	t1_c1f8uyf
2011-08-27T09:08:30	t5_2qipl	c2fjqcq	t3_jvxua
2011-09-29T22:09:34	t5_2qipl	c2nl6uq	t3_krzi1
2011-12-08T03:19:05	t5_2qipl	c3647ws	t3_n29pp
2011-01-31T17:42:09	t5_2qipl	c1ew2yu	t3_fb2fg
2011-12-02T04:13:06	t5_2qipl	c34imbb	t3_mwxi5
2011-11-11T17:07:40	t5_2qipl	c2yzxvo	t3_m8pob
2011-05-02T22:48:01	t5_2qipl	c1s32yt	t3_h2c8f
2011-05-05T03:35:27	t5_2qipl	c1si2ep	t1_c1sgtm3
2011-03-27T08:14:56	t5_2qipl	c1miyaf	t1_c1miw9h
2011-12-13T08:09:26	t5_2qipl	c37lvqq	t1_c37lrtu
2011-11-23T07:22:25	t5_2qipl	c323ccn	t1_c323aa5
2011-12-01T08:40:55	t5_2qipl	c3498ou	t3_mvum1
2011-11-30T03:15:47	t5_2qipl	c33v6y8	t1_c33tcwn
2011-02-03T06:47:38	t5_2qipl	c1fa9dq	t3_fb5ww
2011-07-08T05:22:22	t5_2qipl	c24af5k	t3_ijecv
2010-08-05T22:23:08	t5_2qipl	c0w28ez	t3_cxufq
2011-01-20T04:03:21	t5_2qipl	c1dfuhf	t1_c1dfpzw
2011-04-07T21:28:57	t5_2qipl	c1oayao	t3_gjl93
2011-10-15T05:21:21	t5_2qipl	c2rmhts	t1_c2rlol5
2011-12-01T19:13:10	t5_2qipl	c34cz42	t1_c340edp
2010-06-03T17:50:23	t5_2qipl	c0rbuio	t3_cb2ah
2011-11-30T19:19:00	t5_2qipl	c341pil	t1_c33z2d1
2011-08-28T15:24:02	t5_2qipl	c2fsa91	t3_jwmyg
2010-07-15T19:05:18	t5_2qipl	c0uce7d	t3_cpwrb
2011-09-18T10:20:43	t5_2qipl	c2kq0t2	t3_kiv7t
2011-10-06T13:22:05	t5_2qipl	c2pbja7	t3_l2g1j
2011-08-29T07:32:52	t5_2qipl	c2fyk5p	t1_c2fyf8c
2011-02-10T15:17:46	t5_2qipl	c1g83ix	t3_fiqwm
2011-09-27T23:07:43	t5_2qipl	c2n1r2g	t1_c2n1bcx
2010-04-13T08:47:55	t5_2qipl	c0o0lrd	t3_bq5fh
2011-10-07T17:39:30	t5_2qipl	c2pmegk	t1_c2pl4rp
2011-12-04T16:44:53	t5_2qipl	c355puz	t1_c354oi9
2011-06-27T18:04:19	t5_2qipl	c226fvv	t1_c225rkp
2011-11-27T09:33:31	t5_2qipl	c332zi5	t3_mq9r4
2011-09-01T13:02:08	t5_2qipl	c2gq5ri	t3_k0h0f
2011-12-13T05:06:30	t5_2qipl	c37kiit	t1_c37k6ga
2011-12-09T10:53:34	t5_2qipl	c36j9wd	t3_n63h8
2011-08-12T17:14:48	t5_2qipl	c2byyej	t1_c2bu523
2011-05-03T01:33:39	t5_2qipl	c1s4058	t1_c1ryjd0
2011-12-12T14:54:08	t5_2qipl	c37cm68	t3_n9a6y
2011-04-27T06:03:18	t5_2qipl	c1r7i88	t3_gy9zf
2011-02-18T06:27:29	t5_2qipl	c1h9ywb	t1_c1fltzv
2010-07-16T02:19:15	t5_2qipl	c0udn9j	t1_c0udl77
2011-12-11T01:08:47	t5_2qipl	c36y6un	t1_c36ug8v
2011-08-16T20:07:40	t5_2qipl	c2cwkw9	t3_jkop0
2011-06-10T18:33:53	t5_2qipl	c1yxcmc	t1_c1yarzo
2011-07-06T21:09:42	t5_2qipl	c23zlnt	t3_ii87v
2011-05-21T03:38:08	t5_2qipl	c1v6zqm	t3_hg1ho
2011-11-09T02:34:30	t5_2qipl	c2y9j3h	t1_c2y863i
2011-12-15T02:51:02	t5_2qipl	c385r6k	t3_nca6v
2011-08-15T01:46:03	t5_2qipl	c2ch316	t3_j9s7v
2011-11-03T22:20:12	t5_2qipl	c2wtxcm	t3_lvulr
2011-05-09T03:41:48	t5_2qipl	c1t26zb	t3_h3vq7
2011-03-24T06:56:08	t5_2qipl	c1m2uks	t1_c1lxhqh
2011-12-06T16:09:00	t5_2qipl	c35r87b	t3_n284q
2011-12-10T00:19:55	t5_2qipl	c36pcdm	t3_n6tov
2011-06-07T19:57:25	t5_2qipl	c1ybswr	t3_ht2fv
2011-07-23T20:55:33	t5_2qipl	c27hvym	t3_ix9rr
2011-12-07T04:13:46	t5_2qipl	c35yftz	t1_c35xcfc
2011-12-17T19:01:04	t5_2qipl	c38w9az	t3_ngfnm
2010-09-09T14:59:02	t5_2qipl	c0yz13s	t3_dbknz
2011-06-07T01:10:48	t5_2qipl	c1y69yd	t3_ht2fv
2011-08-18T00:50:10	t5_2qipl	c2d8cut	t1_c2d6dos
2011-12-29T20:49:33	t5_2qipl	c3c7611	t1_c3c46ed
2011-10-10T15:31:53	t5_2qipl	c2qafbm	t3_izihe
2011-04-06T20:01:35	t5_2qipl	c1o3vsw	t1_c1o3b2k
2011-09-22T00:50:13	t5_2qipl	c2lm0we	t1_c2llwbv
2011-03-30T05:54:40	t5_2qipl	c1mz3o8	t3_gdzkc
2011-04-05T01:08:29	t5_2qipl	c1ntoxb	t1_c1nt2y3
2011-04-10T16:06:07	t5_2qipl	c1oopv8	t3_gmgr5
2011-02-09T19:47:01	t5_2qipl	c1g3z9f	t3_fgqbg
2011-12-01T03:15:48	t5_2qipl	c346hdh	t1_c34676p
2010-10-27T00:24:32	t5_2qipl	c13iw94	t3_dwepc
2011-08-01T21:39:21	t5_2qipl	c29f8ho	t1_c29f3s0
2011-05-21T18:04:18	t5_2qipl	c1v9fjf	t1_c1v620h
2011-04-15T01:47:25	t5_2qipl	c1pgy83	t3_gq19g
2011-08-11T21:38:26	t5_2qipl	c2bruh5	t3_jfvxb
2010-08-03T10:19:05	t5_2qipl	c0vugll	t3_cwr33
2011-06-19T00:29:14	t5_2qipl	c20ikah	t1_c20ijrs
2011-07-05T23:17:38	t5_2qipl	c23spee	t1_c23qerj
2011-09-23T16:18:49	t5_2qipl	c2m0g7b	t3_kotvl
2011-11-27T22:17:10	t5_2qipl	c336x45	t3_mqk6u
2011-07-06T20:36:04	t5_2qipl	c23zdpq	t3_ii87v
2011-07-23T17:25:30	t5_2qipl	c27gpaw	t1_c27e24v
2011-12-16T16:47:34	t5_2qipl	c38luiw	t1_c38jyqx
2011-11-14T16:09:55	t5_2qipl	c2zo4ua	t3_mbdmr
2011-08-23T12:54:23	t5_2qipl	c2ejput	t3_jlo8p
2010-05-19T17:54:42	t5_2qipl	c0qbs88	t3_c5m7a
2011-06-23T04:58:48	t5_2qipl	c21cuct	t3_i6dpl
2010-08-14T15:41:33	t5_2qipl	c0wrdiv	t1_c0wrdct
2011-11-23T07:31:00	t5_2qipl	c323eb0	t1_c323ccn
2011-12-13T22:21:28	t5_2qipl	c37rqv1	t1_c37m0ei
2011-09-15T03:42:19	t5_2qipl	c2jyi6e	t1_c2jyhb8
2011-11-17T19:57:26	t5_2qipl	c30l7kg	t3_mfswe
2011-08-05T17:20:04	t5_2qipl	c2acbgc	t1_c2ac0nm
2011-08-13T00:23:47	t5_2qipl	c2c2jsw	t1_c2bnmjs
2011-12-29T23:11:22	t5_2qipl	c3c8509	t1_c3c7djp
2011-06-19T02:58:03	t5_2qipl	c20j99d	t1_c20j6rm
2010-11-06T18:50:34	t5_2qipl	c14oru9	t1_c14oomm
2011-12-24T19:00:01	t5_2qipl	c3av6in	t1_c3auz86
2011-01-20T06:34:57	t5_2qipl	c1dgghl	t1_c1dga6y
2010-08-02T17:06:05	t5_2qipl	c0vs4yw	t3_cw0su
2011-12-10T00:58:13	t5_2qipl	c36pnw3	t3_n6tov
2010-12-14T19:49:05	t5_2qipl	c191wtm	t1_c191iyr
2011-12-13T01:17:51	t5_2qipl	c37ifqb	t1_c37hrvd
2011-07-29T07:57:41	t5_2qipl	c28pe8l	t1_c28nvcy
2011-01-14T04:50:32	t5_2qipl	c1codzu	t1_c1cn93n
2011-05-20T06:16:44	t5_2qipl	c1v18d7	t1_c1uxdb4
2011-06-27T18:35:38	t5_2qipl	c226nb0	t1_c226fvv
2011-09-01T21:12:52	t5_2qipl	c2gthaw	t3_jzh2c
2011-11-28T04:18:16	t5_2qipl	c339z4m	t3_mr25b
2011-12-13T05:10:40	t5_2qipl	c37kjup	t1_c37k8bl
2011-09-28T01:16:44	t5_2qipl	c2n2wbk	t3_ktcxr
2011-12-08T01:49:54	t5_2qipl	c363dpq	t3_n3uur
2011-03-27T16:24:47	t5_2qipl	c1mjz2n	t3_gau4f
2011-06-19T16:37:14	t5_2qipl	c20lzpd	t1_c20k9um
2011-11-18T16:37:05	t5_2qipl	c30tup7	t3_mft3k
2010-09-23T02:46:28	t5_2qipl	c109b8r	t1_c1098u8
2011-08-05T17:50:58	t5_2qipl	c2ackm8	t1_c2acbgc
2011-12-01T04:42:05	t5_2qipl	c347aza	t1_c3475mj
2010-04-29T18:00:58	t5_2qipl	c0p3j1g	t3_bxwht
2011-09-16T00:47:42	t5_2qipl	c2k6bwf	t3_kgwnk
2011-05-09T23:04:49	t5_2qipl	c1t725c	t1_c1t5sem
2011-02-08T03:17:14	t5_2qipl	c1fx8ia	t1_c1fwxrh
2011-12-06T12:52:21	t5_2qipl	c35q8hr	t1_c35pchd
2011-10-30T14:01:41	t5_2qipl	c2vlqgl	t3_ltx3r
2011-12-23T16:35:56	t5_2qipl	c3akr6l	t1_c3aklez
2010-06-12T01:15:14	t5_2qipl	c0rx8kn	t3_ce43i
2011-12-08T02:47:05	t5_2qipl	c363wql	t1_c363fjm
2011-01-17T20:26:58	t5_2qipl	c1d3w74	t1_c1d35ax
2011-05-09T03:28:21	t5_2qipl	c1t24d4	t3_h2c8f
2011-10-08T09:19:55	t5_2qipl	c2pt410	t3_l4pyk
2011-04-29T15:19:15	t5_2qipl	c1rkgkr	t3_gztv9
2011-10-15T05:42:31	t5_2qipl	c2rmn0f	t1_c2rmkh0
2011-07-22T14:33:07	t5_2qipl	c278rsk	t1_c274kmh
2011-08-11T21:24:55	t5_2qipl	c2brq1e	t3_jfvxb
2011-06-17T05:23:29	t5_2qipl	c206y7o	t3_i1g07
2011-09-16T01:50:34	t5_2qipl	c2k6t3m	t3_kgp3i
2010-06-09T19:52:55	t5_2qipl	c0rqzyj	t1_c0rqxcv
2011-07-31T00:21:15	t5_2qipl	c291mm8	t3_j43vo
2011-04-01T06:13:33	t5_2qipl	c1naoci	t1_c1nah5g
2011-12-08T02:08:03	t5_2qipl	c363jlt	t1_c362wmj
2011-12-08T05:35:40	t5_2qipl	c365k4h	t3_n442h
2010-08-02T21:19:50	t5_2qipl	c0vsn2c	t3_cwiun
2011-05-20T04:06:35	t5_2qipl	c1v0jkz	t1_c1v0gis
2011-12-10T15:14:34	t5_2qipl	c36u021	t3_n6tov
2011-04-08T06:04:28	t5_2qipl	c1odly0	t1_c1odjcm
2011-12-07T07:23:10	t5_2qipl	c3603tk	t3_n29pp
2011-11-02T03:24:42	t5_2qipl	c2waydh	t3_lwv5x
2011-06-22T21:31:56	t5_2qipl	c21a3dt	t1_c2154gq
2011-06-19T00:20:28	t5_2qipl	c20iise	t1_c20ige4
2010-07-24T15:23:17	t5_2qipl	c0v2cb7	t3_ct7zy
2011-03-06T00:49:39	t5_2qipl	c1jhrgn	t3_fy45f
2011-05-30T09:42:47	t5_2qipl	c1wrtc3	t3_hmto0
2011-08-24T02:52:36	t5_2qipl	c2eq765	t1_c2e9wd2
2011-04-07T03:10:17	t5_2qipl	c1o68lt	t1_c1o5mip
2011-08-18T04:54:23	t5_2qipl	c2da5t2	t1_c2da0em
2010-06-10T03:11:15	t5_2qipl	c0rs3fu	t1_c0rqjn1
2011-06-17T01:16:25	t5_2qipl	c205g3b	t3_i1g07
2010-03-03T03:49:07	t5_2qipl	c0lhm4c	t1_c0lhl5v
2011-10-11T01:07:57	t5_2qipl	c2qf5z3	t1_c2qe718
2011-11-12T03:09:46	t5_2qipl	c2z4p04	t3_m8yhv
2011-10-11T05:57:18	t5_2qipl	c2qho1k	t1_c2qhb6p
2011-11-08T13:38:10	t5_2qipl	c2y2myk	t1_c2y0g0l
2011-11-30T17:07:51	t5_2qipl	c340edp	t1_c340ay1
2011-12-05T12:39:20	t5_2qipl	c35ey8f	t3_mzirf
2011-12-28T17:17:57	t5_2qipl	c3bu9xo	t1_c3bu7qg
2011-09-20T04:27:31	t5_2qipl	c2l4y08	t1_c2kmh38
2011-05-26T04:36:04	t5_2qipl	c1w27ab	t3_hjz7s
2011-08-25T16:07:12	t5_2qipl	c2f3grb	t3_ju0lz
2011-12-01T08:05:45	t5_2qipl	c3490t7	t3_mvtp0
2011-08-17T13:42:59	t5_2qipl	c2d37j7	t1_c2d33vs
2011-02-03T11:06:10	t5_2qipl	c1fawv9	t1_c1faven
2011-08-30T22:09:49	t5_2qipl	c2gbp4k	t3_jz9zx
2011-02-02T22:09:33	t5_2qipl	c1f84l4	t3_fdu1s
2011-10-10T03:33:01	t5_2qipl	c2q6n3o	t1_c2p9lrz
2011-09-06T06:40:31	t5_2qipl	c2hs0vs	t1_c2h0avo
2011-12-01T09:24:15	t5_2qipl	c349gzt	t3_mvxqt
2011-04-01T16:08:40	t5_2qipl	c1ncbf5	t1_c1naoci
2010-08-25T19:41:56	t5_2qipl	c0xoia8	t3_d14eb
2011-08-15T04:09:13	t5_2qipl	c2ci0ri	t3_jiv4b
2011-02-07T16:34:31	t5_2qipl	c1fuex9	t3_fgqbg
2011-11-04T04:42:45	t5_2qipl	c2wxjve	t1_c2wuo58
2011-11-12T07:58:20	t5_2qipl	c2z6brl	t3_m9365
2011-07-11T15:37:40	t5_2qipl	c24wrj8	t3_im4a5
2010-10-20T22:02:50	t5_2qipl	c12wb2l	t3_do52u
2011-12-13T05:34:35	t5_2qipl	c37krgd	t1_c37kiit
2011-09-09T19:31:46	t5_2qipl	c2inklj	t1_c2inaus
2011-11-17T20:30:57	t5_2qipl	c30lk8b	t1_c30l7kg
2011-08-25T03:32:39	t5_2qipl	c2ezx55	t3_jtfbx
2011-11-30T03:28:16	t5_2qipl	c33vb8h	t1_c33v3a4
2011-05-20T14:03:01	t5_2qipl	c1v2k7q	t3_hfgyu
2011-10-27T13:01:16	t5_2qipl	c2uuytt	t3_lqu2o
2011-03-31T16:18:03	t5_2qipl	c1n6mj5	t1_c1n4drw
2011-05-20T14:50:48	t5_2qipl	c1v2p8h	t1_c1v1ada
2011-11-02T23:32:52	t5_2qipl	c2wjqts	t3_lxs14
2011-11-09T02:07:53	t5_2qipl	c2y9aav	t3_m3w9f
2010-09-23T23:04:06	t5_2qipl	c10c2u5	t1_c108vny
2011-10-10T22:35:41	t5_2qipl	c2qdv3z	t3_l7gk9
2011-06-10T16:05:05	t5_2qipl	c1ywffe	t1_c1yw4c2
2011-06-20T17:55:04	t5_2qipl	c20swle	t3_i4249
2011-11-01T05:18:57	t5_2qipl	c2w1ljb	t3_lvs7j
2011-06-07T17:22:44	t5_2qipl	c1yarzo	t1_c1y69yd
2010-07-15T17:45:31	t5_2qipl	c0uc5d5	t3_cpwrb
2011-05-02T02:41:13	t5_2qipl	c1rxz8i	t1_c1rxheh
2011-06-17T18:37:43	t5_2qipl	c20a9jh	t1_c209amz
2011-09-26T21:50:22	t5_2qipl	c2mqvfc	t3_ks3c6
2011-10-03T23:02:03	t5_2qipl	c2oky0p	t3_kzdf4
2011-08-31T02:11:30	t5_2qipl	c2gdjl1	t3_jzh2c
2011-01-11T14:24:24	t5_2qipl	c1caj3h	t3_f0747
2011-03-27T07:57:51	t5_2qipl	c1miw9h	t1_c1miv2f
2011-10-20T23:24:40	t5_2qipl	c2t3vqz	t3_l28wr
2010-12-14T21:38:22	t5_2qipl	c1926co	t1_c191wtm
2011-09-28T22:06:35	t5_2qipl	c2naymh	t1_c2n9wce
2011-03-22T07:30:41	t5_2qipl	c1lrl9r	t1_c1lqa9i
2011-05-09T19:32:12	t5_2qipl	c1t5sem	t1_c1t5qcg
2010-05-19T06:59:13	t5_2qipl	c0qawcr	t3_c5sra
2011-08-15T06:08:50	t5_2qipl	c2civr3	t1_c2ci2sq
2010-11-28T02:57:27	t5_2qipl	c173oex	t1_c173kgs
2011-07-31T11:24:29	t5_2qipl	c294ozs	t1_c28nvcy
2011-12-08T03:19:29	t5_2qipl	c36482n	t3_n3uur
2011-07-11T06:34:24	t5_2qipl	c24v09z	t3_iltfk
2011-11-01T13:39:09	t5_2qipl	c2w3la7	t3_lvs7j
2011-01-21T22:09:22	t5_2qipl	c1doim3	t3_f62v3
2011-12-02T04:01:48	t5_2qipl	c34iie9	t3_mwrck
2011-06-21T06:34:19	t5_2qipl	c20xyjl	t1_c20j99d
2011-07-22T03:26:51	t5_2qipl	c275s1i	t1_c270o29
2011-07-24T17:46:13	t5_2qipl	c27n2yl	t3_ix4lw
2011-12-23T19:37:40	t5_2qipl	c3ambfl	t3_no61q
2011-09-09T18:20:05	t5_2qipl	c2imymg	t1_c2imvas
2010-09-23T04:21:53	t5_2qipl	c109l4w	t1_c109b8r
2011-10-04T06:18:05	t5_2qipl	c2oogqp	t1_c2of5uh
2011-02-03T01:24:19	t5_2qipl	c1f8z2m	t1_c1f8vo5
2011-05-01T22:09:35	t5_2qipl	c1rwn9f	t1_c1rkk16
2010-08-14T20:11:24	t5_2qipl	c0wrug9	t1_c0wrtmw
2011-08-06T02:42:15	t5_2qipl	c2agnrn	t3_j9s7v
2011-12-06T18:53:49	t5_2qipl	c35sq9p	t1_c35sncj
2011-02-11T21:02:44	t5_2qipl	c1gevjn	t3_ffptb
2011-11-11T18:17:56	t5_2qipl	c2z0ibx	t1_c2z0cog
2011-10-12T07:30:35	t5_2qipl	c2qt182	t3_l98xc
2011-10-04T21:47:55	t5_2qipl	c2oueya	t1_c2onabx
2011-09-16T01:12:18	t5_2qipl	c2k6iow	t1_c2k6fbk
2010-11-28T16:54:46	t5_2qipl	c175et9	t1_c1734jd
2011-01-03T12:56:18	t5_2qipl	c1b9cj7	t3_evdmw
2011-01-25T06:03:01	t5_2qipl	c1e3cp9	t3_f82kl
2011-02-14T20:03:19	t5_2qipl	c1grfvu	t1_c1grcfv
2011-11-30T00:28:40	t5_2qipl	c33tlnl	t1_c33thhx
2011-08-18T02:02:26	t5_2qipl	c2d8wws	t1_c2d8cut
2011-04-04T21:29:58	t5_2qipl	c1nsjje	t1_c1nroj9
2011-10-15T05:55:45	t5_2qipl	c2rmq6k	t3_lcn4f
2011-07-10T16:40:21	t5_2qipl	c24qgoj	t3_il7id
2011-09-30T04:13:22	t5_2qipl	c2no9yj	t3_kvdw6
2010-12-30T19:11:40	t5_2qipl	c1aux7w	t3_eribk
2011-12-01T03:31:26	t5_2qipl	c346mn9	t1_c346hdh
2010-12-01T17:57:10	t5_2qipl	c17in3k	t3_ee6vj
2010-12-26T18:29:29	t5_2qipl	c1adrp6	t3_eribk
2010-08-26T08:19:33	t5_2qipl	c0xqfg1	t1_c0xmo2r
2011-10-26T04:43:24	t5_2qipl	c2uhqc0	t3_lp1bt
2011-05-11T18:47:41	t5_2qipl	c1tj208	t3_h8v0k
2011-12-20T04:46:49	t5_2qipl	c39k0hm	t3_nixpf
2011-12-11T00:40:53	t5_2qipl	c36xzcs	t3_n7w1j
2011-05-13T14:05:41	t5_2qipl	c1tul5m	t1_c1tttba
2011-12-11T07:30:07	t5_2qipl	c370y3z	t1_c370j28
2011-12-13T06:19:49	t5_2qipl	c37l42a	t3_nafwh
2011-08-25T04:36:49	t5_2qipl	c2f0dwe	t3_jnm2k
2011-11-21T19:45:54	t5_2qipl	c31mkqr	t3_mhdv6
2011-11-04T05:10:17	t5_2qipl	c2wxsbu	t1_c2wxjve
2011-04-07T08:40:57	t5_2qipl	c1o7u0d	t3_gfhl4
2010-03-03T04:01:37	t5_2qipl	c0lhmxk	t1_c0lhm4c
2010-09-06T20:51:04	t5_2qipl	c0yphid	t3_d9x1z
2011-11-11T18:26:20	t5_2qipl	c2z0kvp	t1_c2z0fmw
2011-05-16T03:09:18	t5_2qipl	c1u98ic	t3_h9g64
2011-12-13T00:10:44	t5_2qipl	c37hrvd	t1_c37hj9l
2011-12-02T00:07:43	t5_2qipl	c34g79x	t3_mvoh5
2011-11-08T04:34:59	t5_2qipl	c2xzrbu	t3_m3w9f
2011-12-28T09:39:19	t5_2qipl	c3bs58z	t3_nsvoe
2011-08-06T14:42:22	t5_2qipl	c2ajpqv	t1_c2aiuf6
2011-05-01T22:11:30	t5_2qipl	c1rwnl7	t1_c1rrzzr
2011-03-30T23:34:07	t5_2qipl	c1n39wk	t1_c1n0de8
2011-09-28T06:34:09	t5_2qipl	c2n5fr8	t1_c2lkaaw
2011-11-14T04:08:23	t5_2qipl	c2zkt7y	t1_c2zkf1a
2011-05-26T03:17:30	t5_2qipl	c1w1r6i	t3_hgnz5
2011-11-14T06:17:19	t5_2qipl	c2zlv46	t3_maj21
2011-07-18T00:02:22	t5_2qipl	c268blr	t1_c267ool
2011-09-09T21:45:14	t5_2qipl	c2ior8x	t1_c2ioot7
2011-11-19T03:46:10	t5_2qipl	c30zq4h	t3_mhdv6
2011-12-26T03:25:38	t5_2qipl	c3b6g9t	t1_c3b6exe
2011-05-15T18:31:39	t5_2qipl	c1u6q9b	t3_h8v0k
2011-08-02T02:41:04	t5_2qipl	c29he3c	t1_c29f8ho
2011-04-29T21:46:33	t5_2qipl	c1rmnbk	t1_c1rkgkr
2011-09-20T04:21:48	t5_2qipl	c2l4wdl	t1_c2l48te
2011-12-07T04:51:07	t5_2qipl	c35ysdj	t1_c35xhbj
2011-10-22T21:09:25	t5_2qipl	c2tkx8w	t3_ll67k
2011-01-12T01:22:01	t5_2qipl	c1cdbsp	t3_f0jln
2011-12-22T10:36:40	t5_2qipl	c3a8dgb	t3_nmghq
2011-11-30T05:05:23	t5_2qipl	c33w8r3	t3_mu8cr
2010-10-14T03:06:18	t5_2qipl	c128k2c	t3_dqw2d
2011-10-04T02:05:37	t5_2qipl	c2omgxq	t3_kzwfd
2011-05-19T22:20:14	t5_2qipl	c1uymte	t3_hf6x1
2011-06-24T04:00:52	t5_2qipl	c21kaw8	t1_c21hci8
2011-06-23T23:38:38	t5_2qipl	c21ipmz	t1_c21g5h6
2010-11-28T04:22:07	t5_2qipl	c173xfk	t1_c173x5v
2011-12-13T23:53:17	t5_2qipl	c37sq54	t3_nb4o3
2011-08-06T09:14:16	t5_2qipl	c2aiuf6	t1_c2adtk1
2010-11-02T18:23:35	t5_2qipl	c147ym5	t1_c13gvqx
2011-04-05T03:09:19	t5_2qipl	c1nu8z4	t3_gi7fb
2011-11-24T04:48:18	t5_2qipl	c32bzqc	t3_mmexr
2011-06-29T21:19:48	t5_2qipl	c22nvca	t1_c22n6ig
2011-09-05T17:17:54	t5_2qipl	c2hmorl	t1_c2fkybq
2011-06-05T02:42:34	t5_2qipl	c1xtbb2	t1_c1xseac
2011-07-09T15:51:24	t5_2qipl	c24k1gv	t1_c24j41q
2011-11-30T17:28:21	t5_2qipl	c340ldp	t3_musfr
2011-11-09T18:53:41	t5_2qipl	c2yg1um	t3_m6bhh
2011-11-01T03:05:19	t5_2qipl	c2w0i6x	t1_c2vzta1
2011-05-01T00:46:19	t5_2qipl	c1rsdky	t1_c1rsbiq
2011-12-01T23:43:52	t5_2qipl	c34fy9k	t1_c3490t7
2011-11-24T17:04:14	t5_2qipl	c32fdya	t3_mnyqo
2011-11-27T00:22:23	t5_2qipl	c32z961	t3_mmexr
2011-12-10T01:03:26	t5_2qipl	c36ppfa	t3_n6tov
2011-04-11T16:48:02	t5_2qipl	c1oubn7	t3_gnduq
2011-07-08T22:28:34	t5_2qipl	c24fl4k	t1_c24f97d
2011-04-08T06:11:00	t5_2qipl	c1odn19	t1_c1odgjc
2011-06-09T04:11:01	t5_2qipl	c1ymikp	t3_huy6j
2011-12-13T04:29:05	t5_2qipl	c37k6ga	t3_nafwh
2010-11-28T20:13:23	t5_2qipl	c1760av	t1_c175i3e
2010-08-25T06:32:03	t5_2qipl	c0xmzvo	t1_c0xmj29
2011-02-08T20:19:16	t5_2qipl	c1g0ksq	t3_fgqbg
2011-11-28T19:46:10	t5_2qipl	c33fhw0	t1_c33f5wl
2011-11-06T17:30:52	t5_2qipl	c2xj8em	t1_c2xix6q
2010-11-30T01:42:01	t5_2qipl	c17bd99	t1_c17arr2
2011-12-01T02:44:40	t5_2qipl	c34676p	t1_c33zw0f
2011-12-01T12:03:40	t5_2qipl	c34a2zu	t1_c3490t7
2011-07-24T17:44:19	t5_2qipl	c27n2ob	t1_c27m4h9
2011-07-23T18:15:06	t5_2qipl	c27gxy0	t1_c27g5gh
2010-12-26T21:03:35	t5_2qipl	c1ae7lk	t3_eribk
2011-04-08T05:48:17	t5_2qipl	c1odjcm	t1_c1o3b2k
2011-12-01T19:06:42	t5_2qipl	c34cwk3	t3_mvtp0
2011-10-06T07:48:34	t5_2qipl	c2pad3h	t1_c2pabep
2011-01-29T16:00:33	t5_2qipl	c1enz8u	t3_fb2fg
2011-11-02T23:47:04	t5_2qipl	c2wjuc6	t1_c2wby1i
2011-12-29T14:55:29	t5_2qipl	c3c49nk	t3_nuwl0
2011-01-19T06:34:55	t5_2qipl	c1db2v1	t3_f4vn1
2011-04-20T15:00:42	t5_2qipl	c1qd5eu	t1_c1qbv5r
2011-07-09T04:53:16	t5_2qipl	c24hv28	t1_c24hp1z
2011-08-24T21:45:02	t5_2qipl	c2ex6v6	t1_c2ewwqi
2011-11-10T22:35:59	t5_2qipl	c2yt6mi	t1_c2ymb84
2011-12-17T14:29:25	t5_2qipl	c38uu55	t3_newze
2011-08-01T22:05:21	t5_2qipl	c29fgdm	t1_c29ferl
2011-09-03T05:13:27	t5_2qipl	c2h5nd0	t3_k2q3t
2011-11-06T15:33:08	t5_2qipl	c2xij6e	t3_m2d9o
2010-11-06T18:21:50	t5_2qipl	c14oow0	t3_e1xea
2011-10-06T03:21:01	t5_2qipl	c2p86g7	t3_l2g1j
2011-09-09T19:29:06	t5_2qipl	c2injqo	t3_jk8w5
2011-11-27T17:18:30	t5_2qipl	c334mvd	t3_mqefc
2011-08-23T01:44:37	t5_2qipl	c2efxrs	t1_c2efdod
2011-12-27T06:25:52	t5_2qipl	c3bgedb	t3_nry1v
2011-08-18T03:40:07	t5_2qipl	c2d9m6o	t1_c2d8tsy
2011-12-09T10:36:28	t5_2qipl	c36j7lo	t3_n636z
2011-11-13T01:25:01	t5_2qipl	c2zbd1p	t3_ma7mi
2010-05-17T15:43:48	t5_2qipl	c0q699b	t1_c0nfhkz
2011-10-15T20:48:27	t5_2qipl	c2rqpco	t3_lcn4f
2011-12-15T19:14:50	t5_2qipl	c38c935	t3_nds2z
2011-10-08T17:07:05	t5_2qipl	c2pujvb	t3_l52nk
2011-02-26T22:45:01	t5_2qipl	c1igu83	t3_fdvb5
2011-05-10T22:54:04	t5_2qipl	c1tdo12	t3_h84dq
2011-08-31T04:54:12	t5_2qipl	c2gerks	t3_jzh2c
2011-01-20T03:30:43	t5_2qipl	c1dfpb5	t1_c1dbb7w
2011-05-17T14:07:09	t5_2qipl	c1ui832	t3_hcoap
2011-10-11T00:27:55	t5_2qipl	c2qeu5x	t3_l7kur
2011-11-13T04:16:21	t5_2qipl	c2zcgu2	t1_c2z7k55
2011-01-13T23:45:03	t5_2qipl	c1cn4o5	t3_f1u4m
2011-07-07T22:31:02	t5_2qipl	c247toh	t1_c241hu5
2011-07-29T15:36:46	t5_2qipl	c28qxzp	t1_c28nvcy
2010-11-28T17:29:46	t5_2qipl	c175i3e	t1_c1734jd
2011-06-17T17:34:08	t5_2qipl	c209to8	t1_c209ou9
2010-12-14T18:20:53	t5_2qipl	c191iyr	t3_el4sd
2011-03-28T23:36:54	t5_2qipl	c1mr2y8	t3_gcpef
2011-11-04T20:56:58	t5_2qipl	c2x3sm7	t1_c2wyh9j
2011-11-06T19:01:45	t5_2qipl	c2xjvc5	t1_c2xjsn6
2011-10-04T23:23:17	t5_2qipl	c2ovcif	t3_l0x3w
2011-11-17T17:44:42	t5_2qipl	c30jwn6	t3_k0h0f
2011-11-09T18:55:28	t5_2qipl	c2yg2jc	t1_c2yfcz9
2010-12-07T20:56:53	t5_2qipl	c1870l5	t3_ehu9u
2011-01-29T06:03:22	t5_2qipl	c1en1ig	t3_fb5ww
2011-12-08T11:15:39	t5_2qipl	c367pcw	t3_n4m2y
2011-09-06T18:26:45	t5_2qipl	c2hv94z	t3_k6i57
2011-08-12T19:53:39	t5_2qipl	c2c0atu	t1_c2by2l7
2011-07-09T15:53:30	t5_2qipl	c24k1p0	t1_c24ir5j
2010-10-14T05:16:14	t5_2qipl	c128wti	t3_dqw2d
2011-05-21T18:09:33	t5_2qipl	c1v9g90	t3_hgnz5
2011-08-26T02:03:44	t5_2qipl	c2f8anv	t1_c2f7pyq
2010-08-26T06:36:05	t5_2qipl	c0xq83p	t3_d5kfz
2011-09-28T14:20:23	t5_2qipl	c2n7atg	t3_ktxbn
2011-11-19T00:33:19	t5_2qipl	c30yc2s	t1_c30xzf2
2011-09-01T17:24:11	t5_2qipl	c2grh4z	t3_k0h0f
2011-04-13T20:02:11	t5_2qipl	c1p8e4c	t1_c1p7si9
2011-05-16T23:45:24	t5_2qipl	c1uem20	t3_hcoap
2011-12-08T17:39:54	t5_2qipl	c369w53	t3_n4v76
2011-12-01T08:19:05	t5_2qipl	c3493tu	t1_c3492wj
2011-09-04T05:50:52	t5_2qipl	c2hcn74	t3_k3yrp
2011-06-30T04:05:13	t5_2qipl	c22pnwk	t3_icdih
2010-11-30T05:43:53	t5_2qipl	c17c8t0	t1_c17c86z
2011-08-24T02:41:20	t5_2qipl	c2eq47n	t1_c2emdeh
2011-04-08T06:56:19	t5_2qipl	c1odudt	t1_c1odl2w
2011-12-06T08:08:36	t5_2qipl	c35p1fs	t3_mvum1
2011-01-19T20:03:49	t5_2qipl	c1ddm0o	t3_f3lkw
2010-10-06T18:54:41	t5_2qipl	c11jjpf	t1_c11hwvp
2011-12-30T17:33:07	t5_2qipl	c3cg9u7	t1_c39hbyl
2011-12-14T10:04:45	t5_2qipl	c37xq7f	t3_mqefc
2011-12-28T02:20:46	t5_2qipl	c3bope3	t1_c3bn5la
2011-12-20T23:50:30	t5_2qipl	c39slrz	t3_nkaqb
2011-05-21T17:21:17	t5_2qipl	c1v99us	t3_hgnz5
2011-11-04T23:42:49	t5_2qipl	c2x5bmv	t1_c2x4i8s
2011-08-02T01:49:31	t5_2qipl	c29h2c2	t1_c29g2m1
2010-05-12T19:21:11	t5_2qipl	c0pv8ih	t3_c36xr
2011-11-23T06:49:25	t5_2qipl	c3234j4	t3_mmexr
2011-11-19T14:20:27	t5_2qipl	c312i2v	t1_c30mfw6
2011-05-22T01:23:05	t5_2qipl	c1vb97q	t1_c1tnczz
2011-05-04T23:54:28	t5_2qipl	c1sgvc1	t3_h47ii
2011-08-25T04:26:09	t5_2qipl	c2f0b1f	t3_jrnsi
2011-05-20T15:25:40	t5_2qipl	c1v2ts0	t1_c1v2qim
2011-09-30T20:28:44	t5_2qipl	c2nuae5	t1_c2nu44y
2011-07-21T00:57:48	t5_2qipl	c26wl3g	t1_c26w84k
2010-11-28T04:38:17	t5_2qipl	c173z45	t1_c173xfk
2011-11-30T00:47:53	t5_2qipl	c33ts1d	t1_c33ijbq
2011-11-09T03:04:46	t5_2qipl	c2y9t65	t1_c2y2y1y
2011-11-01T04:31:56	t5_2qipl	c2w17t5	t3_lvs7j
2011-01-12T02:54:24	t5_2qipl	c1cdpon	t1_c1cdko3
2011-11-21T08:20:01	t5_2qipl	c31iw0w	t3_mjxnt
2011-12-08T10:22:28	t5_2qipl	c367i4l	t1_c36583b
2010-05-16T14:13:25	t5_2qipl	c0q42zv	t3_c4qs8
2011-12-09T22:24:36	t5_2qipl	c36oasl	t1_c362da2
2010-03-03T21:34:33	t5_2qipl	c0lj6os	t3_b8mxc
2011-10-05T03:32:22	t5_2qipl	c2oxl83	t3_l0x3w
2011-05-05T23:17:16	t5_2qipl	c1snabu	t3_h52bc
2011-09-20T02:54:32	t5_2qipl	c2l47yw	t3_kl05a
2010-08-18T17:16:35	t5_2qipl	c0x3iih	t1_c0x1e85
2011-12-06T11:41:02	t5_2qipl	c35q043	t3_n26e4
2010-10-04T22:09:25	t5_2qipl	c11d2oi	t3_dhfgn
2011-11-16T23:48:19	t5_2qipl	c30cuki	t1_c30c27y
2011-08-15T16:28:25	t5_2qipl	c2cliw2	t3_jjas5
2010-09-26T19:55:53	t5_2qipl	c10kx9g	t3_diu3s
2011-03-16T03:17:08	t5_2qipl	c1kwvvg	t3_g4twu
2011-12-24T21:42:01	t5_2qipl	c3awh31	t3_np8jz
2011-09-19T21:28:17	t5_2qipl	c2l1nnk	t3_kkinx
2011-05-20T04:04:44	t5_2qipl	c1v0j9a	t3_hfgyu
2011-12-26T08:45:42	t5_2qipl	c3b8qrz	t3_nqqle
2011-08-15T17:26:36	t5_2qipl	c2clww3	t3_jjas5
2011-12-30T06:45:03	t5_2qipl	c3ccja0	t3_nvwjq
2011-11-20T19:01:03	t5_2qipl	c31c7xv	t1_c30mfw6
2011-12-04T14:52:53	t5_2qipl	c3557m6	t1_c351r85
2011-02-16T19:03:17	t5_2qipl	c1h15by	t3_fkmod
2011-12-04T14:57:30	t5_2qipl	c35587f	t3_mzirf
2011-04-08T22:23:29	t5_2qipl	c1ogsp5	t1_c1odly0
2011-09-15T07:12:33	t5_2qipl	c2jzyj1	t1_c2jyhb8
2011-10-04T03:42:14	t5_2qipl	c2onabx	t1_c2omrdq
2011-05-01T15:50:48	t5_2qipl	c1rv2hk	t1_c1rqafd
2011-02-11T20:36:55	t5_2qipl	c1geqo6	t3_fiqwm
2011-05-02T06:09:53	t5_2qipl	c1rz1ma	t1_c1ryjsg
2011-05-11T16:11:28	t5_2qipl	c1ti5fc	t1_c1tgv19
2011-12-08T17:42:33	t5_2qipl	c369x2j	t1_c369ei6
2011-11-08T20:24:56	t5_2qipl	c2y5x5t	t1_c2y2p0q
2011-09-17T03:40:57	t5_2qipl	c2kgl7p	t3_ki4ks
2011-08-05T16:38:33	t5_2qipl	c2ac03z	t1_c2abwq8
2011-05-01T20:20:50	t5_2qipl	c1rw4ft	t1_c1rvvlg
2011-04-10T18:42:18	t5_2qipl	c1op9ve	t3_gmgr5
2011-08-04T05:14:03	t5_2qipl	c29zrhy	t3_j8cjn
2011-04-01T04:26:33	t5_2qipl	c1na7kg	t3_gfuea
2011-12-11T23:33:22	t5_2qipl	c376i10	t1_c375uja
2010-06-12T18:17:21	t5_2qipl	c0ryi3p	t3_ce4hw
2011-11-23T08:53:04	t5_2qipl	c323ujt	t1_c3238ad
2011-05-02T20:27:46	t5_2qipl	c1s25hf	t1_c1s1y9g
2011-12-08T16:18:12	t5_2qipl	c3694bj	t1_c365266
2011-04-12T11:12:37	t5_2qipl	c1ozrx1	t3_gmgr5
2011-08-15T03:25:00	t5_2qipl	c2chpt5	t1_c2ch316
2011-03-28T01:50:34	t5_2qipl	c1mm2zg	t3_gcpef
2011-12-01T09:10:54	t5_2qipl	c349ein	t3_mvxec
2011-12-07T13:21:17	t5_2qipl	c361pw2	t3_n3jcu
2011-03-07T05:16:55	t5_2qipl	c1jna0u	t1_c1jn2gq
2011-05-24T03:36:47	t5_2qipl	c1vnnf1	t3_hig8g
2011-11-19T00:53:25	t5_2qipl	c30yhth	t1_c30yc2s
2011-11-30T19:14:36	t5_2qipl	c341nv8	t1_c340gmc
2011-07-18T00:37:52	t5_2qipl	c268j02	t1_c268blr
2011-08-05T04:25:20	t5_2qipl	c2a8iqp	t1_c2a808m
2011-10-06T14:01:16	t5_2qipl	c2pbo6s	t3_l2ve6
2011-11-28T16:15:03	t5_2qipl	c33dq2y	t3_mrsjq
2011-10-06T21:29:40	t5_2qipl	c2pev8c	t1_c2pe1aq
2010-10-06T21:17:18	t5_2qipl	c11k1b8	t1_c11jjpf
2011-07-24T07:42:51	t5_2qipl	c27laon	t3_iy5tf
2011-03-14T05:28:42	t5_2qipl	c1knhsr	t3_g3bxi
2011-11-07T20:31:49	t5_2qipl	c2xuvpr	t1_c2xusl7
2011-08-17T22:42:07	t5_2qipl	c2d79xz	t3_jlo8p
2011-12-04T23:13:03	t5_2qipl	c3590vd	t3_n06hj
2011-01-04T19:21:11	t5_2qipl	c1bempf	t1_c1bebw7
2011-11-13T07:55:47	t5_2qipl	c2zdrml	t1_c2zbfvi
2011-12-08T08:13:39	t5_2qipl	c366ucu	t3_n29pp
2011-07-22T17:33:31	t5_2qipl	c279tr7	t1_c278rsk
2011-01-19T07:44:34	t5_2qipl	c1dbb7w	t1_c1dazxb
2011-07-18T23:50:22	t5_2qipl	c26fvbp	t3_ir4vk
2011-10-13T05:45:29	t5_2qipl	c2r2o5b	t1_c2r2i7v
2011-11-21T23:09:29	t5_2qipl	c31olm3	t1_c31ofht
2011-06-11T21:35:03	t5_2qipl	c1z4n2d	t1_c1yd4tx
2011-11-07T20:22:18	t5_2qipl	c2xusl7	t1_c2xjsn6
2011-02-06T03:54:58	t5_2qipl	c1fo0lj	t1_c1fnagg
2010-06-09T15:41:35	t5_2qipl	c0rqd3r	t3_cd4h7
2011-12-04T03:55:12	t5_2qipl	c3520bp	t1_c351q81
2011-05-18T13:26:40	t5_2qipl	c1up0yc	t1_c1uoztn
2011-01-25T17:03:33	t5_2qipl	c1e4lh6	t1_c1e4j8v
2011-11-30T23:56:43	t5_2qipl	c344o9n	t3_mvbhe
2011-12-09T15:06:05	t5_2qipl	c36k7p0	t3_n5g5s
2011-10-03T16:44:29	t5_2qipl	c2ohpz0	t3_kzdf4
2011-12-07T15:30:21	t5_2qipl	c362drg	t1_c35w5ny
2010-09-26T06:51:46	t5_2qipl	c10jp6c	t3_diu3s
2011-01-03T07:47:27	t5_2qipl	c1b8r1h	t3_evalq
2011-02-14T19:35:28	t5_2qipl	c1grb8x	t3_fl90e
2011-09-03T02:20:19	t5_2qipl	c2h4myz	t3_k2q3t
2011-11-21T23:34:22	t5_2qipl	c31otp8	t1_c31olm3
2011-05-20T06:28:15	t5_2qipl	c1v1ada	t1_c1v0j9a
2011-04-01T06:05:57	t5_2qipl	c1nan94	t1_c1na7kg
2010-04-08T23:06:37	t5_2qipl	c0nqyre	t3_boc8x
2010-08-12T05:42:31	t5_2qipl	c0wknp0	t1_c0vjbbf
2011-12-27T22:56:53	t5_2qipl	c3bmx6e	t3_nsm1j
2011-12-28T01:18:23	t5_2qipl	c3bo6b2	t3_nsm1j
2011-12-13T08:59:26	t5_2qipl	c37m58z	t3_nafwh
2010-09-24T06:14:01	t5_2qipl	c10deeh	t3_dhfgn
2011-12-27T23:52:43	t5_2qipl	c3bnfkd	t1_c3bne3f
2011-04-01T05:27:06	t5_2qipl	c1nah5g	t3_gfuea
2011-10-04T04:03:59	t5_2qipl	c2onfvx	t1_c2onabx
2011-11-18T23:50:21	t5_2qipl	c30xzf2	t3_mhdv6
2011-11-30T04:54:40	t5_2qipl	c33w54k	t3_mu906
2011-11-10T01:36:10	t5_2qipl	c2yk00g	t3_m6d4e
2011-10-11T00:51:22	t5_2qipl	c2qf157	t3_l7log
2011-10-05T09:31:00	t5_2qipl	c2p0d7d	t3_kz0rr
2011-10-06T18:36:16	t5_2qipl	c2pdbub	t3_l2ve6
2010-11-27T23:58:39	t5_2qipl	c1734jd	t1_c172mus
2011-11-21T22:52:02	t5_2qipl	c31ofht	t1_c31ns1c
2011-12-07T02:12:03	t5_2qipl	c35xcih	t1_c35x006
2010-09-14T22:16:05	t5_2qipl	c0zgtco	t3_ddugl
2011-11-11T22:25:52	t5_2qipl	c2z2nbu	t3_m9365
2011-01-24T11:45:20	t5_2qipl	c1dz62s	t3_f7lxb
2011-12-30T07:54:47	t5_2qipl	c3cd4v5	t1_c3bwjsg
2011-07-11T19:33:15	t5_2qipl	c24y733	t3_imkkl
2011-09-28T00:22:25	t5_2qipl	c2n2fy2	t3_kt24a
2011-05-09T15:48:49	t5_2qipl	c1t4ntn	t1_c1t23d8
2011-12-05T22:15:27	t5_2qipl	c35ji5m	t1_c35hfcs
2011-04-30T19:19:02	t5_2qipl	c1rr0nb	t3_gztv9
2011-07-19T21:57:39	t5_2qipl	c26n5pi	t3_ip365
2011-08-05T16:34:05	t5_2qipl	c2abyxl	t3_j9s7v
2011-11-13T01:50:34	t5_2qipl	c2zbj0k	t3_ma7mi
2011-10-06T14:02:14	t5_2qipl	c2pbobk	t1_c2pbek4
2011-03-07T03:25:27	t5_2qipl	c1jmsao	t1_c1jcqjz
2011-12-10T09:54:09	t5_2qipl	c36t1es	t3_n7aah
2010-04-02T15:01:50	t5_2qipl	c0nd3z2	t3_blldu
2011-09-22T01:48:24	t5_2qipl	c2lmi5g	t1_c2llwbv
2011-11-17T23:16:17	t5_2qipl	c30nbtk	t1_c30mr4j
2011-11-07T00:33:52	t5_2qipl	c2xmo8h	t3_m2qhv
2011-07-23T15:03:46	t5_2qipl	c27g74m	t1_c27f2aq
2011-09-03T18:06:52	t5_2qipl	c2h8j46	t3_k2q3t
2010-06-04T05:03:33	t5_2qipl	c0rdcw0	t3_cb2qo
2011-12-31T11:28:55	t5_2qipl	c3cp1he	t1_c3cf68k
2011-06-19T03:15:12	t5_2qipl	c20jc2g	t1_c20j99d
2011-11-14T23:21:54	t5_2qipl	c2zrlle	t3_mc92m
2011-02-10T17:12:45	t5_2qipl	c1g8j9u	t3_fiqwm
2011-09-28T17:02:23	t5_2qipl	c2n8aqs	t1_c2n68as
2011-05-19T21:04:01	t5_2qipl	c1uy553	t1_c1uy290
2011-12-02T17:38:51	t5_2qipl	c34njkn	t1_c34d60l
2011-06-22T19:59:18	t5_2qipl	c219cg8	t3_i693n
2011-12-29T01:00:19	t5_2qipl	c3bywzw	t1_c3bx3km
2011-11-06T18:51:42	t5_2qipl	c2xjsn6	t1_c2xivz6
2011-12-10T10:03:28	t5_2qipl	c36t2oy	t1_c36qmiy
2010-04-24T02:28:42	t5_2qipl	c0oqgub	t3_bl71m
2011-11-09T19:34:48	t5_2qipl	c2ygh5f	t1_c2ygg37
2011-12-16T18:33:48	t5_2qipl	c38mu3o	t3_newze
2010-11-06T18:00:09	t5_2qipl	c14omth	t3_e1xea
2011-03-31T16:56:57	t5_2qipl	c1n6qz9	t1_c1n6mj5
2011-02-03T13:05:21	t5_2qipl	c1fb2pw	t1_c1fawv9
2011-05-20T00:43:03	t5_2qipl	c1uzhsq	t1_c1uy553
2010-08-07T05:12:05	t5_2qipl	c0w6fru	t3_cyct3
2011-11-04T14:15:44	t5_2qipl	c2x0665	t1_c2wxsbu
2011-02-03T03:51:08	t5_2qipl	c1f9jng	t3_fe4z6
2011-12-06T08:18:18	t5_2qipl	c35p3n2	t1_c35p0sr
2011-10-06T22:22:48	t5_2qipl	c2pfdax	t1_c2pfaju
2011-11-24T16:45:43	t5_2qipl	c32f9wx	t3_mny9a
2011-11-10T01:32:40	t5_2qipl	c2yjyvv	t3_m6rge
2011-01-24T21:18:13	t5_2qipl	c1e0yyn	t1_c1e0xsh
2011-08-05T04:48:52	t5_2qipl	c2a8ogw	t1_c2a8iqp
2011-12-08T02:56:23	t5_2qipl	c363zwq	t1_c363wql
2011-06-23T17:55:15	t5_2qipl	c21g5h6	t1_c21g2ig
2011-08-24T21:14:56	t5_2qipl	c2ewwqi	t1_c2ewvhn
2011-10-05T14:25:22	t5_2qipl	c2p1cw0	t1_c2of5uh
2011-06-18T22:20:14	t5_2qipl	c20hyjt	t3_i33o9
2011-12-27T21:33:21	t5_2qipl	c3bm463	t3_nsm1j
2010-11-04T11:53:37	t5_2qipl	c14fujx	t1_c14d9z8
2011-12-28T19:24:21	t5_2qipl	c3bvhpu	t1_c3bta3n
2011-09-16T03:35:41	t5_2qipl	c2k7htl	t1_c2k6sms
2011-05-11T17:41:09	t5_2qipl	c1tinb1	t1_c1td26o
2010-11-28T04:19:35	t5_2qipl	c173x5v	t1_c173vjr
2011-12-06T18:14:13	t5_2qipl	c35sbf7	t3_n2mj5
2011-06-15T00:23:02	t5_2qipl	c1zpjh6	t1_c1zksug
2011-12-14T01:25:35	t5_2qipl	c37tls8	t3_nak6x
2011-02-03T06:14:01	t5_2qipl	c1fa4s2	t3_fe4z6
2011-07-08T13:17:40	t5_2qipl	c24cbcp	t3_ijecv
2010-11-30T05:39:04	t5_2qipl	c17c86z	t1_c17bdve
2011-11-30T04:49:51	t5_2qipl	c33w3hr	t3_mu906
2011-12-01T00:43:30	t5_2qipl	c3454vw	t3_mvd17
2010-11-26T02:02:07	t5_2qipl	c16wh3z	t3_e8ib6
2011-09-29T22:55:12	t5_2qipl	c2nlm87	t1_c2nknl1
2011-08-18T03:38:09	t5_2qipl	c2d9lnp	t1_c2d8wws
2011-10-03T07:04:19	t5_2qipl	c2ofc05	t1_c2of9v5
2011-05-11T08:27:20	t5_2qipl	c1tgv19	t1_c1tg2bz
2011-12-08T01:50:20	t5_2qipl	c363dvn	t1_c362qfv
2011-12-15T04:38:59	t5_2qipl	c386pyz	t3_nd7av
2011-09-30T18:55:57	t5_2qipl	c2ntfo7	t1_c2nstas
2011-05-02T01:03:58	t5_2qipl	c1rxheh	t3_h1msa
2011-08-31T21:42:59	t5_2qipl	c2gkwc6	t3_k0h0f
2011-01-26T03:23:56	t5_2qipl	c1e7nft	t3_eribk
2011-07-19T01:38:54	t5_2qipl	c26gl7o	t1_c26g64g
2011-11-15T05:37:14	t5_2qipl	c2zuzpw	t3_mc92m
2011-01-24T22:07:22	t5_2qipl	c1e1828	t1_c1e047d
2010-11-03T21:08:28	t5_2qipl	c14d9z8	t1_c147ym5
2011-11-23T07:05:05	t5_2qipl	c3238ad	t1_c3234j4
2011-06-19T03:59:47	t5_2qipl	c20jjl0	t1_c20jizs
2011-05-05T23:19:50	t5_2qipl	c1snavw	t1_c1sftqq
2010-06-08T23:24:13	t5_2qipl	c0roqsx	t3_ccvm3
2011-12-12T13:36:31	t5_2qipl	c37cb8v	t3_n80in
2011-12-03T06:52:22	t5_2qipl	c34uke0	t3_my4qo
2011-08-26T00:43:16	t5_2qipl	c2f7pyq	t1_c2f76gu
2011-10-28T19:48:35	t5_2qipl	c2v7v8k	t3_lhdmh
2011-10-06T18:03:55	t5_2qipl	c2pd2ao	t1_c2pbo6s
2011-02-07T23:47:42	t5_2qipl	c1fwjr9	t3_fh57o
2011-12-20T23:50:10	t5_2qipl	c39slno	t3_nk99b
2011-10-10T01:30:41	t5_2qipl	c2q5qd4	t1_c2q0f3o
2011-05-18T06:43:51	t5_2qipl	c1unryk	t3_hdw3j
2011-12-07T02:12:43	t5_2qipl	c35xcqu	t1_c35w5ny
2010-06-09T05:41:24	t5_2qipl	c0rpjft	t3_ccvm3
2011-05-05T04:56:48	t5_2qipl	c1sihil	t3_h47ii
2011-11-02T05:25:31	t5_2qipl	c2wc29q	t1_c2wby1i
2011-11-14T04:20:47	t5_2qipl	c2zkx1g	t3_m5dal
2010-11-28T06:58:43	t5_2qipl	c174e5j	t3_echyj
2011-11-29T02:14:29	t5_2qipl	c33jayn	t3_msi3o
2011-12-01T20:34:04	t5_2qipl	c34duz8	t1_c33peq7
2010-09-13T17:23:03	t5_2qipl	c0zc2lb	t3_dd8cq
2011-03-14T18:39:49	t5_2qipl	c1kp75r	t3_g3bxi
2010-12-08T19:58:54	t5_2qipl	c18bf9x	t3_eifih
2011-12-04T06:04:33	t5_2qipl	c352xix	t1_c352i7v
2011-02-04T15:48:14	t5_2qipl	c1fgovs	t1_c1f6m54
2011-02-13T05:31:27	t5_2qipl	c1gkx8o	t1_c1gj0y1
2011-02-12T14:19:36	t5_2qipl	c1gi0mc	t3_fj5ii
2011-08-05T16:25:33	t5_2qipl	c2abwq8	t3_j9s7v
2011-11-13T21:51:14	t5_2qipl	c2zhrhh	t1_c2zejqt
2010-08-06T11:31:27	t5_2qipl	c0w41bt	t3_cy250
2010-08-04T06:23:19	t5_2qipl	c0vx23m	t1_c0vs4yw
2011-11-11T10:06:12	t5_2qipl	c2yyash	t1_c2yqr2p
2011-08-02T23:26:57	t5_2qipl	c29olz0	t3_j6azd
2011-12-07T07:44:21	t5_2qipl	c36093y	t1_c35yftz
2011-06-14T17:28:57	t5_2qipl	c1zmuri	t3_hz4zg
2011-09-01T20:06:24	t5_2qipl	c2gsvhm	t3_k0h0f
2011-02-11T18:13:43	t5_2qipl	c1gdz0e	t3_fj5ii
2011-04-08T05:56:02	t5_2qipl	c1odklf	t1_c1o94xa
2011-08-05T18:41:00	t5_2qipl	c2aczo6	t1_c2ac0v8
2011-12-07T06:53:54	t5_2qipl	c35zvp3	t1_c35x3rn
2011-03-16T22:24:16	t5_2qipl	c1l10rl	t3_g574x
2011-12-01T14:43:55	t5_2qipl	c34aoce	t3_mvtp0
2011-12-09T00:09:17	t5_2qipl	c36e835	t3_n4v76
2011-05-20T22:45:16	t5_2qipl	c1v5l0g	t3_hg1ho
2011-07-30T22:17:56	t5_2qipl	c290xyr	t3_j43vo
2011-05-13T21:23:54	t5_2qipl	c1tx1eg	t3_h9g64
2011-12-09T06:02:28	t5_2qipl	c36hjxn	t3_n5g5s
2011-01-29T06:46:43	t5_2qipl	c1en5yr	t3_fb5ww
2011-10-14T19:22:04	t5_2qipl	c2rhpeo	t3_lc768
2011-08-18T04:28:54	t5_2qipl	c2d9yz2	t1_c2d9wxf
2011-11-02T02:09:48	t5_2qipl	c2wa91v	t1_c2w9w0d
2011-02-02T17:06:28	t5_2qipl	c1f6m54	t3_fdu1s
2010-07-30T03:32:20	t5_2qipl	c0vjbbf	t3_cv7p9
2011-01-20T04:07:36	t5_2qipl	c1dfv3c	t1_c1dfpb5
2011-11-11T05:18:42	t5_2qipl	c2ywn88	t3_m7zwz
2011-12-07T01:46:16	t5_2qipl	c35x3rn	t3_n3049
2011-05-23T17:19:43	t5_2qipl	c1vk1yo	t3_h54cq
2010-03-25T15:46:19	t5_2qipl	c0mvcd1	t3_bi3xt
2011-08-12T01:20:20	t5_2qipl	c2btpxn	t1_c2a3n0j
2011-05-20T15:01:11	t5_2qipl	c1v2qim	t1_c1v2k7q
2011-09-17T17:39:44	t5_2qipl	c2kjxet	t1_c2kh1gn
2011-11-30T01:19:58	t5_2qipl	c33u2sf	t3_mscmz
2011-09-02T02:08:39	t5_2qipl	c2gvrvd	t1_c2gvmio
2011-10-30T21:54:47	t5_2qipl	c2vojzo	t1_c2vne1t
2011-12-08T06:22:11	t5_2qipl	c365zki	t3_n4gib
2011-10-08T18:03:33	t5_2qipl	c2puuxe	t3_l52nk
2011-04-13T04:48:54	t5_2qipl	c1p4t0x	t3_gopgo
2011-12-27T23:09:11	t5_2qipl	c3bn1b0	t1_c3bmye9
2011-09-30T17:47:25	t5_2qipl	c2nstas	t1_c2nsqf2
2011-09-02T23:02:34	t5_2qipl	c2h3bhs	t1_c2h2yhr
2010-08-01T21:41:16	t5_2qipl	c0vq2d9	t3_cw0su
2011-07-05T18:14:22	t5_2qipl	c23qi4l	t1_c23nbkq
2011-06-19T05:20:58	t5_2qipl	c20jxjw	t3_i34yi
2011-12-02T22:45:02	t5_2qipl	c34qpz3	t1_c34qbyz
2011-12-02T02:48:55	t5_2qipl	c34hsng	t3_mwxmm
2011-09-02T18:38:23	t5_2qipl	c2h14ed	t1_c2gwd4z
2011-11-11T01:42:06	t5_2qipl	c2yuuhd	t3_m7zwz
2011-02-06T00:33:54	t5_2qipl	c1fnagg	t3_ffyoq
2011-07-26T15:34:17	t5_2qipl	c281as4	t3_izihe
2011-08-30T20:41:47	t5_2qipl	c2gb04k	t1_c2fy5z3
2011-11-30T20:10:05	t5_2qipl	c3428up	t3_musfr
2010-10-04T21:49:24	t5_2qipl	c11d0ow	t3_diu3s
2011-12-07T02:26:21	t5_2qipl	c35xhbj	t3_n29pp
2011-08-05T23:43:54	t5_2qipl	c2afijt	t1_c2advgi
2011-04-07T18:46:53	t5_2qipl	c1o9ywe	t3_gk7m1
2011-07-31T18:08:06	t5_2qipl	c295v88	t1_c295l3f
2011-04-19T21:35:37	t5_2qipl	c1q8x0d	t3_gtq3k
2011-11-12T19:13:41	t5_2qipl	c2z8wz9	t1_c2z8ski
2011-09-01T11:12:01	t5_2qipl	c2gpwe3	t3_k0h0f
2011-07-31T11:31:01	t5_2qipl	c294pki	t1_c27bhj1
2011-03-03T20:50:41	t5_2qipl	c1j6nwa	t3_fwol7
2010-03-30T02:48:51	t5_2qipl	c0n5bxe	t3_bjr3x
2011-09-30T19:02:01	t5_2qipl	c2nthlh	t1_c2nstas
2010-11-23T22:49:19	t5_2qipl	c16nrqn	t3_ear58
2010-03-16T22:46:16	t5_2qipl	c0mbsv2	t3_bcncm
2011-12-02T06:11:39	t5_2qipl	c34jq6d	t1_c34hsng
2011-12-08T16:49:58	t5_2qipl	c369ei6	t3_n4v76
2011-02-07T02:16:41	t5_2qipl	c1frzsi	t3_ffyoq
2011-12-07T16:14:58	t5_2qipl	c362qfv	t1_c35x3rn
2011-11-29T04:40:36	t5_2qipl	c33ko73	t3_mqefc
2011-12-04T06:17:02	t5_2qipl	c3530q6	t3_mzbgq
2011-12-06T04:29:06	t5_2qipl	c35n4om	t3_mmrzd
2010-09-21T08:57:48	t5_2qipl	c1033nx	t3_dgqd2
2010-06-29T15:46:31	t5_2qipl	c0t4r2w	t3_ck54u
2011-04-05T06:55:48	t5_2qipl	c1nvanu	t3_gfuea
2011-12-05T18:40:30	t5_2qipl	c35h8fz	t1_c33znzw
2011-12-25T13:36:12	t5_2qipl	c3b1uey	t3_nq4f6
2010-11-06T05:10:05	t5_2qipl	c14ndnz	t1_c14nbda
2011-08-01T20:28:21	t5_2qipl	c29en5d	t3_j5vt9
2011-11-26T04:27:51	t5_2qipl	c32slw6	t1_c32r9qe
2011-03-03T21:14:42	t5_2qipl	c1j6t5m	t3_fwol7
2011-10-19T19:39:39	t5_2qipl	c2srgv7	t1_c2sqyb2
2011-08-23T19:41:58	t5_2qipl	c2emdeh	t3_jkop0
2010-08-03T05:37:21	t5_2qipl	c0vty93	t3_cwohw
2011-05-19T19:06:32	t5_2qipl	c1uxdle	t1_c1ulhi0
2011-01-12T04:55:55	t5_2qipl	c1ce7l0	t1_c1ce44h
2011-09-28T00:44:45	t5_2qipl	c2n2mnq	t1_c2n2j0y
2011-03-16T23:55:52	t5_2qipl	c1l1fmt	t3_g574x
2011-12-18T06:38:11	t5_2qipl	c390z4c	t3_nd8b5
2011-12-08T02:39:40	t5_2qipl	c363ud4	t1_c35yvsd
2011-12-05T12:44:39	t5_2qipl	c35eyut	t3_mz6jb
2011-10-31T22:23:53	t5_2qipl	c2vy9vy	t1_c2vn6dm
2011-04-06T18:28:22	t5_2qipl	c1o3b2k	t3_gjl93
2011-12-05T04:53:53	t5_2qipl	c35c6js	t1_c3595nl
2011-09-03T00:45:38	t5_2qipl	c2h4228	t3_k2q3t
2010-08-13T05:26:52	t5_2qipl	c0wnq36	t3_d0mef
2011-11-02T01:30:09	t5_2qipl	c2w9w0d	t3_lwv5x
2010-09-23T05:19:19	t5_2qipl	c109r12	t1_c109l4w
2011-11-07T01:24:39	t5_2qipl	c2xn3eh	t3_m2qhv
2011-12-08T18:23:13	t5_2qipl	c36abnx	t1_c36a5uk
2011-02-14T01:28:00	t5_2qipl	c1go8e0	t3_fkmpr
2010-11-29T04:55:09	t5_2qipl	c177rw0	t1_c1760av
2011-11-09T01:14:50	t5_2qipl	c2y8t4f	t3_m4h49
2011-11-22T08:35:46	t5_2qipl	c31tbdt	t3_ml8hy
2011-12-21T19:06:39	t5_2qipl	c3a0m61	t1_c39mjuo
2011-06-19T03:30:32	t5_2qipl	c20jend	t3_i34yi
2011-03-22T02:38:04	t5_2qipl	c1lqa9i	t3_g8esc
2011-11-11T06:07:48	t5_2qipl	c2yx1fk	t3_m8bbr
2011-04-13T01:07:28	t5_2qipl	c1p3mbd	t1_c1oyzra
2011-12-01T03:30:20	t5_2qipl	c346maa	t3_muu5m
2011-10-05T07:00:34	t5_2qipl	c2ozgvt	t1_c2ozaly
2011-08-14T23:27:17	t5_2qipl	c2cg8tl	t3_jiqjk
2011-09-30T18:41:51	t5_2qipl	c2ntb3f	t3_kwhuh
2011-08-30T20:49:20	t5_2qipl	c2gb29f	t1_c2gatey
2011-12-06T02:45:00	t5_2qipl	c35m4rp	t3_mvum1
2011-12-07T07:11:00	t5_2qipl	c3600hc	t1_c35w31j
2011-05-05T00:58:20	t5_2qipl	c1sh7fx	t3_h47ii
2011-05-04T06:17:56	t5_2qipl	c1sc5tn	t3_h3l2s
2011-12-12T12:47:15	t5_2qipl	c37c58e	t3_n8tdy
2011-12-10T00:47:14	t5_2qipl	c36pknl	t1_c36pcuk
2011-08-30T22:28:19	t5_2qipl	c2gbug1	t1_c2gbp4k
2011-08-05T17:21:40	t5_2qipl	c2acbwn	t1_c2abyxl
2011-04-07T01:04:36	t5_2qipl	c1o5mip	t1_c1o5ayn
2011-10-03T07:47:17	t5_2qipl	c2oflz0	t3_kz3ks
2011-04-27T06:06:58	t5_2qipl	c1r7izh	t1_c1r7d0v
2011-05-22T02:41:42	t5_2qipl	c1vbk4p	t3_hgnz5
2011-11-04T15:03:31	t5_2qipl	c2x0h07	t1_c2wypxm
2011-09-04T05:28:42	t5_2qipl	c2hcing	t1_c2hcasq
2011-03-27T05:54:22	t5_2qipl	c1mifpk	t3_gc4pz
2011-02-03T00:45:00	t5_2qipl	c1f8tck	t3_fdvb5
2010-12-01T18:26:54	t5_2qipl	c17iros	t3_ee6vj
2011-01-04T20:42:27	t5_2qipl	c1bf089	t3_ew41f
2011-07-05T22:28:45	t5_2qipl	c23scm6	t1_c23rxkc
2011-11-14T23:41:42	t5_2qipl	c2zrs6r	t1_c2zrlle
2010-06-12T18:44:43	t5_2qipl	c0ryjwt	t3_ceask
2010-11-28T03:52:06	t5_2qipl	c173u9w	t1_c173oex
2011-05-11T22:06:12	t5_2qipl	c1tkbm3	t3_h934s
2011-10-17T22:44:04	t5_2qipl	c2s94vr	t3_lfii9
2011-11-29T00:51:10	t5_2qipl	c33ijbq	t3_msi3o
2010-03-03T02:33:35	t5_2qipl	c0lhh8s	t1_c0lhctl
2011-12-09T22:55:44	t5_2qipl	c36olqe	t3_n6pi6
2011-11-16T23:33:13	t5_2qipl	c30cpjl	t3_mew06
2011-03-10T22:32:32	t5_2qipl	c1k7uj0	t1_c1k73ct
2011-11-30T00:49:48	t5_2qipl	c33tsoe	t1_c33sywt
2011-10-01T01:35:19	t5_2qipl	c2nwwyv	t3_kwhuh
2011-12-04T22:57:30	t5_2qipl	c358vkz	t3_ml2e6
2011-04-27T04:41:13	t5_2qipl	c1r71bs	t3_gy9zf
2010-03-03T03:34:44	t5_2qipl	c0lhl5v	t1_c0lhh8s
2011-07-12T11:59:10	t5_2qipl	c253vqw	t1_c253bhi
2011-10-15T05:13:37	t5_2qipl	c2rmfw2	t3_lcn4f
2011-08-25T06:02:23	t5_2qipl	c2f0zhz	t1_c2ex0s0
2011-11-23T03:41:19	t5_2qipl	c321ogz	t3_maj21
2011-09-18T21:12:25	t5_2qipl	c2ksw9a	t1_c2ksifi
2011-10-12T11:14:27	t5_2qipl	c2qu4aa	t3_l9drd
2011-07-06T17:32:39	t5_2qipl	c23y0q3	t1_c23xt5o
2011-10-07T14:43:08	t5_2qipl	c2pl62o	t1_c2pfdax
2011-12-08T02:46:11	t5_2qipl	c363wfh	t1_c363dpq
2011-02-08T05:53:08	t5_2qipl	c1fxp5c	t1_c1fsc0l
2011-02-05T21:20:57	t5_2qipl	c1fmk6p	t1_c1flgik
2011-10-15T02:43:44	t5_2qipl	c2rlfb4	t3_lcn4f
2011-12-25T08:43:10	t5_2qipl	c3b0uf1	t3_np8jz
2011-12-28T14:38:26	t5_2qipl	c3bta3n	t1_c3bs58z
2011-07-22T17:08:46	t5_2qipl	c279n16	t1_c278yi3
2011-11-15T22:11:09	t5_2qipl	c301het	t3_mdgcy
2011-12-14T01:12:16	t5_2qipl	c37tha3	t1_c37sfbt
2011-09-23T21:51:33	t5_2qipl	c2m3can	t1_c2m3am6
2011-12-07T05:01:16	t5_2qipl	c35yvsd	t1_c35yqmf
2011-08-01T20:32:45	t5_2qipl	c29eom4	t1_c29en5d
2011-10-19T07:34:04	t5_2qipl	c2snoyh	t3_lc768
2011-06-14T07:17:38	t5_2qipl	c1zksug	t3_hz4zg
2011-12-06T10:20:51	t5_2qipl	c35ppxd	t3_n2cc8
2011-10-08T09:31:16	t5_2qipl	c2pt5kq	t1_c2pt4dh
2011-04-01T06:09:01	t5_2qipl	c1nanp6	t1_c1nadj4
2011-11-12T10:59:13	t5_2qipl	c2z6zj3	t3_m9ofk
2011-07-06T17:00:32	t5_2qipl	c23xt5o	t1_c23xm10
2011-12-30T15:57:04	t5_2qipl	c3cfjat	t3_nwaai
2011-05-13T07:47:22	t5_2qipl	c1ttqtz	t3_hacup
2011-12-12T23:02:26	t5_2qipl	c37h35e	t3_na2az
2011-08-05T08:33:10	t5_2qipl	c2aa3y0	t1_c2a9zd3
2011-06-17T02:41:28	t5_2qipl	c205z1o	t3_i1g07
2011-04-13T09:27:20	t5_2qipl	c1p5zpt	t3_gopgo
2011-02-03T01:17:18	t5_2qipl	c1f8y15	t1_c1f8uzj
2011-08-18T03:02:54	t5_2qipl	c2d9cfs	t1_c2d1kwy
2011-05-02T02:54:51	t5_2qipl	c1ry1o6	t3_gfuea
2011-08-05T17:24:00	t5_2qipl	c2acckj	t1_c2acb7a
2011-06-11T06:56:36	t5_2qipl	c1z1oor	t1_c1z1iat
2011-10-23T05:11:29	t5_2qipl	c2tobfd	t3_ll67k
2011-11-28T05:07:42	t5_2qipl	c33ad0z	t1_c336x45
2011-12-06T08:31:39	t5_2qipl	c35p6mi	t3_n284q
2011-09-04T09:11:01	t5_2qipl	c2hdmcm	t1_c2hcqeo
2011-09-02T22:17:47	t5_2qipl	c2h2yhr	t3_k2q3t
2011-06-10T00:32:01	t5_2qipl	c1ysmn2	t3_hvn2m
2011-12-14T08:16:15	t5_2qipl	c37x5w1	t3_mznnt
2011-11-18T23:22:38	t5_2qipl	c30xqoi	t3_mhdv6
2011-07-28T05:41:04	t5_2qipl	c28fx7g	t3_j1rxv
2011-07-11T21:22:37	t5_2qipl	c24z04d	t3_imnz2
2011-11-17T23:10:50	t5_2qipl	c30n9t6	t1_c30mgdi
2011-08-23T16:45:50	t5_2qipl	c2ekvea	t3_jnm2k
2011-04-30T15:36:16	t5_2qipl	c1rqafd	t3_h0lkz
2011-10-20T23:17:17	t5_2qipl	c2t3tbq	t3_lh48m
2011-02-03T23:34:12	t5_2qipl	c1fdpqn	t1_c1f9c3w
2010-11-03T21:30:59	t5_2qipl	c14ddkx	t3_e0lvp
2010-04-17T23:48:32	t5_2qipl	c0obvvd	t3_brrcp
2011-09-01T01:22:07	t5_2qipl	c2gmljm	t1_c2gkwc6
2011-06-22T00:46:28	t5_2qipl	c213vkm	t3_i5l1z
2011-02-03T04:18:50	t5_2qipl	c1f9ntl	t1_c1f9jng
2011-07-08T18:51:36	t5_2qipl	c24dzmc	t1_c24be7y
2011-11-21T06:25:15	t5_2qipl	c31i36p	t3_mjsbk
2011-12-27T01:29:14	t5_2qipl	c3be0qq	t1_c3bdyyv
2011-07-08T14:09:34	t5_2qipl	c24cg0h	t1_c24bdl5
2011-11-30T10:11:16	t5_2qipl	c33yej1	t3_mu906
2011-10-07T17:52:25	t5_2qipl	c2pmif6	t1_c2pmegk
2011-12-02T16:49:21	t5_2qipl	c34n2fj	t3_mxbg1
2011-12-14T19:08:37	t5_2qipl	c3810lz	t1_c380ruj
2011-08-11T15:50:04	t5_2qipl	c2boz5a	t3_jdhsc
2011-11-10T02:03:14	t5_2qipl	c2yk8rk	t1_c2yk30x
2011-08-24T12:40:54	t5_2qipl	c2etbud	t3_jrvqp
2011-12-08T21:20:44	t5_2qipl	c36cb8q	t1_c35n4om
2011-06-22T18:59:13	t5_2qipl	c218vue	t3_i693n
2011-03-27T15:54:23	t5_2qipl	c1mjwb2	t3_gc4pz
2011-08-17T20:54:58	t5_2qipl	c2d6a93	t1_c2d5eyb
2011-08-01T22:07:24	t5_2qipl	c29fh4o	t3_j5vt9
2011-08-05T17:19:08	t5_2qipl	c2acb7a	t1_c2ac0ah
2011-11-16T02:14:19	t5_2qipl	c303nh4	t3_mdoij
2011-06-16T06:41:17	t5_2qipl	c1zzj91	t3_hzfhj
2011-12-10T00:36:44	t5_2qipl	c36phhq	t3_n6tov
2011-07-09T05:24:15	t5_2qipl	c24i0p2	t1_c24cbcp
2011-10-03T06:55:44	t5_2qipl	c2of9v5	t1_c2of5uh
2011-11-29T09:35:25	t5_2qipl	c33mvbq	t3_m9ofk
2011-12-04T17:30:52	t5_2qipl	c35609f	t1_c355ef7
2011-12-16T05:20:09	t5_2qipl	c38i6oi	t1_c386ud0
2011-09-03T20:13:50	t5_2qipl	c2h9a2v	t3_k2q3t
2011-12-04T12:02:49	t5_2qipl	c354ouy	t3_my4qo
2011-12-18T22:40:45	t5_2qipl	c396cb6	t3_n9a6y
2011-10-07T19:56:17	t5_2qipl	c2pnluk	t3_l4c91
2011-10-01T19:56:57	t5_2qipl	c2o24jz	t3_kx3jq
2011-05-09T03:22:58	t5_2qipl	c1t23d8	t3_h6pqz
2011-05-04T02:42:06	t5_2qipl	c1sb0yg	t3_h3l2s
2011-06-14T06:24:39	t5_2qipl	c1zkjdb	t1_c1yqyrp
2011-04-13T01:19:32	t5_2qipl	c1p3ops	t3_gnv34
2011-03-09T22:33:10	t5_2qipl	c1k242h	t3_g0ky2
2011-05-05T04:59:19	t5_2qipl	c1sii0z	t1_c1sifgp
2011-01-24T16:39:24	t5_2qipl	c1dzre7	t3_f82kl
2011-02-11T20:55:21	t5_2qipl	c1geu7k	t1_c1fun79
2011-09-09T18:09:08	t5_2qipl	c2imvas	t3_ka2xw
2011-10-07T14:35:18	t5_2qipl	c2pl4rp	t1_c2piuyr
2011-10-13T16:31:36	t5_2qipl	c2r5rlm	t1_c2r56b1
2011-03-31T03:28:28	t5_2qipl	c1n4drw	t3_gf4bo
2011-07-09T07:52:23	t5_2qipl	c24ir5j	t3_ik8qs
2011-02-05T20:46:09	t5_2qipl	c1fmfcu	t3_ffptb
2011-12-04T17:16:23	t5_2qipl	c355wps	t1_c3549kp
2011-01-24T17:26:03	t5_2qipl	c1dzxka	t3_f82kl
2011-09-09T21:33:08	t5_2qipl	c2ionem	t1_c2hs0vs
2011-09-09T19:00:23	t5_2qipl	c2inaus	t1_c2imymg
2011-04-23T20:29:41	t5_2qipl	c1qn44h	t3_gvsrn
2011-11-15T21:50:02	t5_2qipl	c3019vs	t1_c2zy0rs
2011-06-14T21:04:51	t5_2qipl	c1zoahv	t1_c1zntkz
2011-06-28T01:11:46	t5_2qipl	c229d7h	t1_c2284ul
2011-05-05T02:32:12	t5_2qipl	c1shqcp	t3_h47ii
2011-12-06T22:06:28	t5_2qipl	c35uul0	t1_c35m6ys
2011-09-01T02:23:31	t5_2qipl	c2gn1j0	t3_k0h0f
2010-05-26T12:24:32	t5_2qipl	c0qsc0f	t3_c88lj
2010-03-02T15:59:38	t5_2qipl	c0lg3ng	t3_b892k
2011-11-11T16:19:32	t5_2qipl	c2yzlef	t1_c2yz68j
2011-10-06T16:59:06	t5_2qipl	c2pck2f	t3_l30v8
2010-09-23T17:14:44	t5_2qipl	c10avok	t1_c109r12
2011-03-13T01:25:41	t5_2qipl	c1ki7q4	t3_g2st0
2011-08-17T20:13:19	t5_2qipl	c2d5wg5	t3_jlqit
2011-06-23T03:31:24	t5_2qipl	c21cbbj	t3_i6dpl
2011-12-27T01:32:41	t5_2qipl	c3be1om	t1_c3be0qq
2011-07-30T03:16:51	t5_2qipl	c28w1qv	t1_c28v2p5
2010-07-15T21:00:53	t5_2qipl	c0ucrku	t1_c0ucf7x
2011-11-28T09:37:17	t5_2qipl	c33c6iz	t3_mrsjq
2011-07-15T17:16:15	t5_2qipl	c25tjir	t3_ijecv
2011-08-05T20:17:57	t5_2qipl	c2adtk1	t3_j9j2s
2010-08-29T19:09:07	t5_2qipl	c0xzxml	t1_c0x6k8b
2011-06-19T02:42:13	t5_2qipl	c20j6nf	t3_i33o9
2011-12-08T09:48:41	t5_2qipl	c367cx7	t3_n4n2j
2011-11-23T07:03:57	t5_2qipl	c32381c	t1_c3234g0
2011-04-11T16:25:14	t5_2qipl	c1ou7n9	t3_gnduq
2011-11-11T17:58:34	t5_2qipl	c2z0cpp	t3_lznp8
2011-12-20T23:57:54	t5_2qipl	c39sob8	t3_nkaqb
2011-12-03T03:59:40	t5_2qipl	c34tbf2	t3_my4qo
2011-12-14T01:08:34	t5_2qipl	c37tfxf	t3_nbj2z
2011-12-07T03:23:31	t5_2qipl	c35xz9n	t3_n3049
2011-11-13T02:55:12	t5_2qipl	c2zby31	t3_ma7mi
2011-02-14T19:56:58	t5_2qipl	c1grep5	t1_c1grecc
2011-03-28T23:51:43	t5_2qipl	c1mr5un	t1_c1mr2y8
2011-05-20T23:40:02	t5_2qipl	c1v5x2n	t3_hg1ho
2011-12-10T19:17:57	t5_2qipl	c36vemx	t3_n7l45
2011-12-23T07:10:51	t5_2qipl	c3ahykx	t3_nnn5l
2011-12-21T19:11:38	t5_2qipl	c3a0nva	t3_nkaqb
2011-12-20T07:25:22	t5_2qipl	c39lgcz	t3_njjf1
2011-11-22T07:25:17	t5_2qipl	c31svpi	t3_ml6hm
2011-08-18T00:02:44	t5_2qipl	c2d7yyl	t3_jlo8p
2010-06-09T19:27:34	t5_2qipl	c0rqxcv	t3_cd4h7
2011-02-15T05:40:36	t5_2qipl	c1gu342	t1_c1grdrz
2011-12-04T02:25:30	t5_2qipl	c351dpq	t3_mz6jb
2011-12-01T01:32:10	t5_2qipl	c345lw4	t3_mp1mk
2011-04-30T23:20:37	t5_2qipl	c1rs0ql	t1_c1rr0nb
2011-08-18T01:50:45	t5_2qipl	c2d8tsy	t1_c2d7yyl
2011-09-27T22:21:17	t5_2qipl	c2n1b6m	t3_kt24a
2011-05-16T03:22:39	t5_2qipl	c1u9apz	t3_h9g64
2011-07-23T04:49:41	t5_2qipl	c27e24v	t3_ix4lw
2011-07-09T07:56:49	t5_2qipl	c24irsb	t1_c24hke5
2011-12-18T03:48:17	t5_2qipl	c38zsu7	t3_ngy4e
2011-07-28T16:43:07	t5_2qipl	c28ioai	t3_izihe
2011-08-15T04:41:18	t5_2qipl	c2ci8t3	t1_c2ci2sq
2011-11-23T06:46:54	t5_2qipl	c3233wu	t3_mmexr
2011-11-22T04:45:17	t5_2qipl	c31rjx2	t3_mjz5m
2011-07-09T04:16:03	t5_2qipl	c24ho7h	t1_c24gae1
2011-03-03T11:55:50	t5_2qipl	c1j4lkc	t3_fw9yw
2011-01-21T09:23:40	t5_2qipl	c1dm4y4	t3_f6d88
2011-08-05T22:32:14	t5_2qipl	c2aeyut	t1_c2ac1en
2011-05-21T00:50:50	t5_2qipl	c1v6a4p	t3_hg1ho
2011-04-05T12:41:14	t5_2qipl	c1nvxxs	t3_gj0uk
2011-10-13T22:59:25	t5_2qipl	c2r9jgo	t3_lb99j
2011-09-16T02:16:02	t5_2qipl	c2k6zfr	t1_c2k6t3m
2011-09-14T23:36:13	t5_2qipl	c2jwqlk	t3_kfokf
2011-11-23T16:12:16	t5_2qipl	c325n4h	t1_c32381c
2010-11-06T18:19:03	t5_2qipl	c14oomm	t1_c14omth
2011-11-13T06:44:10	t5_2qipl	c2zdcvp	t3_ma7mi
2011-11-02T23:49:30	t5_2qipl	c2wjuye	t1_c2wd7nm
2011-02-11T00:50:58	t5_2qipl	c1gaxaw	t1_c1gad9z
2011-12-04T18:44:15	t5_2qipl	c356k9l	t3_mzbgq
2011-12-05T19:16:09	t5_2qipl	c35hlr4	t3_my4qo
2011-11-30T13:28:59	t5_2qipl	c33z1y1	t1_c33w54k
2011-10-04T02:40:57	t5_2qipl	c2omrdq	t3_kzwfd
2011-07-05T20:12:34	t5_2qipl	c23rci1	t1_c23pq10
2011-11-09T22:38:10	t5_2qipl	c2yibxz	t3_m6ktk
2011-12-10T06:07:41	t5_2qipl	c36rt7p	t1_c36pnw3
2011-12-12T23:29:07	t5_2qipl	c37hcw1	t3_na2az
2011-11-30T00:16:19	t5_2qipl	c33thhx	t1_c33tcwn
2011-08-28T06:12:38	t5_2qipl	c2fq8lk	t3_jwmyg
2011-09-09T19:02:57	t5_2qipl	c2inbmv	t3_ka4qk
2011-11-15T05:07:15	t5_2qipl	c2zuq1j	t3_mcn1z
2011-05-20T06:45:02	t5_2qipl	c1v1dau	t3_hda00
2011-02-25T03:06:23	t5_2qipl	c1i8iqm	t3_fm0pr
2011-11-09T18:11:55	t5_2qipl	c2yflxh	t1_c2yfcz9
2011-10-31T01:23:32	t5_2qipl	c2vq3e9	t3_lugmm
2011-11-04T00:14:47	t5_2qipl	c2wv2ad	t1_c2wpxil
2011-11-23T06:49:06	t5_2qipl	c3234g0	t3_mmexr
2011-05-22T03:10:41	t5_2qipl	c1vbo7l	t1_c1vb97q
2011-11-04T07:27:14	t5_2qipl	c2wypxm	t3_lzha9
2011-07-09T04:20:55	t5_2qipl	c24hp1z	t1_c24gt07
2011-01-24T18:40:28	t5_2qipl	c1e08f0	t1_c1e03ll
2010-11-07T06:32:47	t5_2qipl	c14qo67	t3_e0lvp
2010-11-28T02:22:18	t5_2qipl	c173kgs	t3_echyj
2011-02-03T08:30:57	t5_2qipl	c1falfp	t1_c1f6wki
2011-08-23T13:04:24	t5_2qipl	c2ejqvg	t3_jjas5
2011-06-04T18:32:20	t5_2qipl	c1xr3am	t3_hrfes
2011-11-22T16:59:03	t5_2qipl	c31vozy	t1_c31rovl
2011-12-29T17:37:59	t5_2qipl	c3c5db8	t1_c3c59ix
2011-07-19T05:09:25	t5_2qipl	c26hx7w	t3_it1wb
2011-09-24T00:31:33	t5_2qipl	c2m4lke	t3_kpbje
2011-07-08T21:45:16	t5_2qipl	c24f97d	t1_c24f85w
2011-05-04T22:16:53	t5_2qipl	c1sgb0w	t3_h47ii
2011-07-01T06:12:22	t5_2qipl	c22yip5	t3_idt9o
2011-07-24T11:55:38	t5_2qipl	c27m4h9	t1_c27laon
2011-08-25T17:56:07	t5_2qipl	c2f49bb	t1_c2f0zhz
2011-05-15T23:54:10	t5_2qipl	c1u8bwt	t3_hc2lt
2011-08-25T06:13:21	t5_2qipl	c2f1261	t1_c2f0zhz
2011-12-17T01:37:44	t5_2qipl	c38qspa	t1_c38qkid
2011-12-03T10:53:00	t5_2qipl	c34vqam	t3_myelr
2011-05-22T00:17:01	t5_2qipl	c1vazof	t1_c1v95cj
2011-01-05T05:33:58	t5_2qipl	c1bgmb6	t1_c173z45
2011-12-10T16:52:04	t5_2qipl	c36ug8v	t1_c36rscz
2011-09-02T01:45:08	t5_2qipl	c2gvm7g	t1_c2fydqn
2011-12-04T12:19:54	t5_2qipl	c354qod	t1_c33zo7d
2011-08-30T19:41:23	t5_2qipl	c2gai93	t3_jysx0
2010-12-27T18:32:52	t5_2qipl	c1ah9h9	t1_c1af7fq
2011-09-13T05:50:58	t5_2qipl	c2jgxem	t3_ka2xw
2011-05-10T19:10:28	t5_2qipl	c1tc3ud	t3_h84dq
2011-08-09T05:48:30	t5_2qipl	c2b498h	t3_j8k49
2011-10-15T06:51:18	t5_2qipl	c2rn2wn	t3_lc768
2011-11-02T08:17:23	t5_2qipl	c2wd7nm	t1_c2waydh
2011-10-14T20:07:51	t5_2qipl	c2ri4fn	t1_c2rhje3
2011-06-20T16:11:47	t5_2qipl	c20sa9e	t3_i44yc
2011-07-10T04:59:33	t5_2qipl	c24o33d	t1_c24nskn
2011-12-13T22:59:44	t5_2qipl	c37s60h	t3_nb4o3
2011-07-10T02:38:19	t5_2qipl	c24ndjg	t1_c24na3t
2011-04-28T15:59:52	t5_2qipl	c1re0i7	t3_gz3hv
2011-02-07T03:28:00	t5_2qipl	c1fs9xk	t3_fgb92
2011-08-10T03:08:45	t5_2qipl	c2bc9jl	t3_j9kv6
2010-10-14T07:30:45	t5_2qipl	c1299cj	t1_c128k2c
2011-12-28T14:30:22	t5_2qipl	c3bt8t1	t1_c3bou08
2011-11-11T05:39:51	t5_2qipl	c2ywtgk	t3_m8bbr
2011-12-27T23:48:20	t5_2qipl	c3bne3f	t1_c3bnarf
2011-09-28T22:43:59	t5_2qipl	c2nban5	t1_c2naymh
2011-12-03T03:15:36	t5_2qipl	c34szj5	t3_mxqeu
2011-11-30T17:12:29	t5_2qipl	c340fx2	t3_musfr
2011-04-15T02:25:15	t5_2qipl	c1ph54r	t1_c1pg5xq
2011-12-02T22:02:59	t5_2qipl	c34qaj1	t1_c34m6ty
2011-08-02T02:02:38	t5_2qipl	c29h5gh	t1_c29f8ho
2010-12-28T04:47:30	t5_2qipl	c1ajka2	t1_c1ah9h9
2011-08-27T16:19:59	t5_2qipl	c2fkybq	t1_c2fkmea
2011-09-01T21:02:34	t5_2qipl	c2gtdxf	t3_k0h0f
2011-12-30T14:54:14	t5_2qipl	c3cf68k	t3_nw868
2011-10-06T22:14:46	t5_2qipl	c2pfaju	t1_c2pexsk
2011-11-30T17:52:02	t5_2qipl	c340ts8	t1_c340r82
2011-09-03T01:29:49	t5_2qipl	c2h4c1a	t3_k2q3t
2011-06-21T23:00:50	t5_2qipl	c2135bd	t3_i4249
2011-06-07T19:51:54	t5_2qipl	c1ybr3f	t3_ht2fv
2011-12-12T23:15:15	t5_2qipl	c37h7zh	t1_c37h21k
2011-11-03T03:26:23	t5_2qipl	c2wlrir	t3_lxs14
2011-11-08T14:47:02	t5_2qipl	c2y2y1y	t3_m4h49
2011-07-06T03:25:13	t5_2qipl	c23uan9	t1_c23rwme
2011-11-07T00:24:46	t5_2qipl	c2xmlho	t1_c2xm9vz
2011-05-02T02:44:35	t5_2qipl	c1rxzti	t1_c1rxheh
2011-10-27T03:30:56	t5_2qipl	c2urosm	t3_lpqq4
2011-01-19T08:19:29	t5_2qipl	c1dbf4g	t1_c1dbc0x
2011-08-15T02:48:08	t5_2qipl	c2chgn4	t1_c2cg8tl
2011-09-22T03:44:35	t5_2qipl	c2lnfli	t1_c2llwbv
2011-06-27T12:50:25	t5_2qipl	c22526p	t3_i9uwu
2011-11-06T23:45:32	t5_2qipl	c2xm9vz	t1_c2xm3f3
2011-04-14T23:04:45	t5_2qipl	c1pg2lr	t1_c1pfta5
2011-05-11T11:17:20	t5_2qipl	c1thbwp	t3_h84dq
2011-12-14T10:17:58	t5_2qipl	c37xs4y	t3_nc80i
2011-05-27T22:03:22	t5_2qipl	c1we1f2	t1_c1wdtx5
2011-11-04T15:13:10	t5_2qipl	c2x0jio	t3_lzggx
2011-11-13T01:37:04	t5_2qipl	c2zbfvi	t1_c2zbd1p
2011-02-26T16:36:54	t5_2qipl	c1ifkef	t3_ft08y
2010-09-09T05:22:03	t5_2qipl	c0yy4fa	t3_dbb5a
2011-07-08T16:04:07	t5_2qipl	c24cwdm	t1_c24cecx
2011-08-23T08:21:25	t5_2qipl	c2eiqbv	t3_jrfuq
2011-02-11T20:30:40	t5_2qipl	c1geph6	t3_fj5ii
2011-03-23T03:25:28	t5_2qipl	c1lw8zd	t1_c1lvpgz
2011-10-20T05:40:27	t5_2qipl	c2swvo6	t3_lhdmh
2011-11-01T12:13:31	t5_2qipl	c2w3b2t	t3_lwb8l
2011-12-02T14:21:40	t5_2qipl	c34m239	t3_mxbg1
2011-09-19T21:32:30	t5_2qipl	c2l1oxy	t1_c2l0zww
2011-10-21T16:39:07	t5_2qipl	c2ta6e7	t3_ljy4y
2011-03-14T07:20:40	t5_2qipl	c1knvzd	t3_g3bxi
2011-05-16T20:32:23	t5_2qipl	c1udc8g	t1_c1ud8xe
2011-09-16T04:22:26	t5_2qipl	c2k7tg2	t1_c2k7q5u
2011-10-19T07:22:05	t5_2qipl	c2snlyd	t3_lcn4f
2011-02-02T19:02:36	t5_2qipl	c1f75g6	t3_fdu1s
2011-12-02T00:31:04	t5_2qipl	c34gfpn	t1_c34dgk5
2010-08-03T17:44:25	t5_2qipl	c0vv3w7	t3_cwvkm
2010-08-14T15:37:29	t5_2qipl	c0wrdct	t3_d14eb
2011-11-15T00:19:11	t5_2qipl	c2zs4ir	t3_mc92m
2011-10-17T20:03:18	t5_2qipl	c2s7ktn	t3_lcj2t
2011-10-11T00:41:02	t5_2qipl	c2qey3z	t3_l7lb7
2011-05-18T06:02:57	t5_2qipl	c1unkk3	t3_hdw3j
2011-11-03T18:13:17	t5_2qipl	c2wrk39	t1_c2wqgky
2010-08-12T22:21:47	t5_2qipl	c0wmqye	t1_c0wknrt
2011-07-06T21:40:16	t5_2qipl	c23zs2g	t1_c23y0q3
2011-12-05T16:25:35	t5_2qipl	c35g1j2	t3_n15wi
2011-11-30T09:09:43	t5_2qipl	c33y4k9	t3_mu906
2011-07-06T22:24:14	t5_2qipl	c2401bm	t1_c23zs2g
2011-04-11T22:35:30	t5_2qipl	c1ow9j9	t1_c1oubn7
2011-11-26T01:16:07	t5_2qipl	c32r9qe	t3_mp9er
2011-06-10T21:48:14	t5_2qipl	c1yyqqk	t1_c1yyge7
2011-03-27T21:02:34	t5_2qipl	c1ml1wt	t3_gc4pz
2011-06-15T20:22:16	t5_2qipl	c1zvc2p	t1_c1ztx10
2011-05-11T19:06:20	t5_2qipl	c1tj63m	t1_c1tiyaw
2011-07-09T18:21:04	t5_2qipl	c24koi8	t1_c24k1p0
2011-12-11T03:31:11	t5_2qipl	c36z8ik	t1_c36z5xb
2011-10-08T18:01:17	t5_2qipl	c2puugk	t3_l4pyk
2010-04-26T12:00:23	t5_2qipl	c0ov8rz	t3_bw5re
2011-11-28T20:27:26	t5_2qipl	c33fw5q	t3_mrsjq
2010-07-15T04:03:30	t5_2qipl	c0uaofr	t3_cmcd1
2011-12-04T04:47:31	t5_2qipl	c352cyp	t1_c3520bp
2011-12-18T00:34:07	t5_2qipl	c38yfuv	t1_c385ti4
2011-12-08T01:12:00	t5_2qipl	c3636g3	t1_c3633qg
2011-05-21T00:03:21	t5_2qipl	c1v61ny	t1_c1v5x2n
2011-12-01T01:13:48	t5_2qipl	c345fff	t1_c3454vw
2010-07-06T17:55:53	t5_2qipl	c0tmk9l	t3_cmcd1
2011-04-12T22:00:31	t5_2qipl	c1p2kkx	t3_gmgr5
2011-11-30T23:08:36	t5_2qipl	c34468t	t3_mv8b5
2011-11-17T21:54:54	t5_2qipl	c30mgdi	t3_mft3k
2011-06-14T19:58:03	t5_2qipl	c1zntkz	t3_hz5yo
2011-03-03T20:27:02	t5_2qipl	c1j6im2	t1_c1j5ni9
2011-11-17T22:13:18	t5_2qipl	c30mnis	t1_c30mhvj
2011-11-01T03:33:36	t5_2qipl	c2w0qi1	t1_c2w0ikb
2011-09-28T02:50:58	t5_2qipl	c2n3nrb	t1_c2n2mnq
2011-06-15T15:02:43	t5_2qipl	c1ztapr	t3_i04el
2011-02-03T02:56:37	t5_2qipl	c1f9c3w	t1_c1f97t8
2011-09-02T16:54:13	t5_2qipl	c2h0avo	t3_j9kv6
2011-11-14T16:11:30	t5_2qipl	c2zo57n	t3_mbdmr
2011-08-23T00:21:47	t5_2qipl	c2efcqk	t1_c2ef74o
2011-04-13T09:35:46	t5_2qipl	c1p60hv	t1_c1p4t0x
2011-01-25T06:55:25	t5_2qipl	c1e3k48	t3_f540p
2011-04-29T15:43:42	t5_2qipl	c1rkk16	t3_gztv9
2010-09-23T19:26:08	t5_2qipl	c10bbhp	t1_c10901c
2011-09-15T19:48:43	t5_2qipl	c2k3ubm	t1_c2k3rlb
2011-12-10T06:04:12	t5_2qipl	c36rscz	t1_c36qmiy
2011-06-14T10:59:40	t5_2qipl	c1zljo1	t3_hz5yo
2011-12-07T08:37:59	t5_2qipl	c360lhd	t1_c36093y
2011-12-27T06:58:06	t5_2qipl	c3bgo7f	t1_c3be0qq
2011-06-10T04:45:25	t5_2qipl	c1yu0v2	t3_hvn2m
2011-12-17T18:09:22	t5_2qipl	c38vx0j	t1_c38vugt
2011-11-02T05:38:54	t5_2qipl	c2wc6a7	t1_c2wc29q
2011-08-01T21:59:40	t5_2qipl	c29ferl	t1_c29f8ho
2011-12-07T08:30:04	t5_2qipl	c360jto	t3_n3ohn
